danceability,energy,key,loudness,mode,speechiness,acousticness,instrumentalness,liveness,valence,tempo,duration_ms,song_popularity,artist_popularity,artist_followers,release_year,cluster,artist_genres,artist
1.6871818409996955,0.7629004803021778,1.542647056608652,1.2529796310998018,-0.982155752037243,-0.3821396614831562,-0.1624762335462685,-0.3338306257120403,-0.26697167744442546,1.436157087924829,-0.8400188579651419,-0.5097624850098802,-0.14053258391929405,-0.9795577095758007,-0.41991010973974147,0.4647463531187328,1,['cumbia villera'],Onda Sabanera
-0.17935745810486528,1.313340401942364,-0.36252750165891395,0.7482583453967097,-0.982155752037243,0.9125831701911825,-0.9026819237300049,-0.20831995739951603,-0.6143877948244375,0.13521329309757257,2.5295113875448023,0.6053753512859323,0.5161617334605847,0.49084824093372553,-0.07374937591613615,-0.5145505980646287,1,"['argentine rock', ' latin alternative', ' latin rock', ' rock en espanol', ' ska argentino']",Los Fabulosos Cadillacs
0.13577255343226802,0.32809919766203094,0.4539758804557572,0.36593863984357455,1.0140957764937388,0.15644813962117723,-0.9215448103867081,-0.3370097399703646,0.11851743910051932,1.1319363851344555,2.49220101740369,0.7106985648494737,-0.058445794246809187,-0.9795577095758007,-0.41991010973974147,0.4647463531187328,1,['cumbia villera'],Onda Sabanera
0.6630093035040113,-0.22696626953815677,-0.36252750165891395,-0.7931717232713955,1.0140957764937388,1.3772471554576664,0.6245614510954898,-0.3368748540130774,0.984678170102741,0.3633788201903527,-1.4366051187321447,-1.0928199039670816,-0.18157597875553647,-0.5785379048913845,-0.4062851256758734,1.0243446109377965,1,"['argentine rock', ' folclore santiagueno', ' folklore argentino', ' rock en espanol', ' rock nacional']",Raly Barrionuevo
-0.17935745810486528,-0.5600055498582691,0.9983114685322046,-0.2401418236108142,-0.982155752037243,0.5915425985525212,0.25380816163614917,-0.3369601705726336,-0.6443702816668221,-0.8174778551143878,-1.3269519772535927,0.009492282935106077,-0.715140111626688,-2.316290391857188,-0.4284405838233219,0.39479657089134984,0,['folklore argentino'],Rubén Patagonia
0.6690694960335717,0.6981428424621559,0.9983114685322046,0.025110995358221505,-0.982155752037243,0.0022641808736621758,-0.39013176216165313,-0.3369941542078088,-0.32408117619182475,0.37138462815852047,1.036993037857357,-1.01882468390033,0.1057277850981605,-0.24435473432103755,-0.3597509861125706,-0.16480168692771388,1,"['argentine rock', ' folclore salteno', ' folklore argentino']",Los Nocheros
1.008440277688946,0.8739135737422155,0.1818080864175335,1.5751358481046527,-0.982155752037243,0.785856628754869,0.7579025464273581,-0.3370097399703646,0.3041233100295667,1.2880496405137263,-1.0112116756338916,-1.0426073450275815,-0.427836347772991,-0.24435473432103755,-0.3597509861125706,0.2548970064365839,1,"['argentine rock', ' folclore salteno', ' folklore argentino']",Los Nocheros
1.7841449214726597,-1.082692198138446,1.2704792625704282,0.13269398226968523,-0.982155752037243,2.6656336600601898,1.6977946574251601,3.537982601885187,-0.8228374652524447,1.4481657998770807,0.5004968366793245,-1.2168294941306061,-1.207660849661597,-1.3137408801461474,-0.4239753821712399,0.18494722420920093,1,"['orquesta tipica', ' tango', ' vintage tango']",Juan D'Arienzo
1.2629683639304772,-1.8089028510586918,0.9983114685322046,-1.3589456131170812,-0.982155752037243,0.5598609631934428,1.9384590733899956,3.862090202433991,0.2612911859690175,0.6195646751717204,0.04314279899210758,-0.9393651143126746,-0.5099231374454758,-1.3805775142602168,-0.4226328397472162,-0.3746510336098628,0,"['latin classical', ' tango', ' vintage tango']",Osvaldo Pugliese
0.19031428619831042,-1.5359956630185996,0.4539758804557572,-0.9312810122541557,-0.982155752037243,-0.2786463193101666,1.3725724736888965,1.536141539671987,-0.9127849257795985,0.15122490903390803,0.5200321461149118,-0.148492537410206,-0.058445794246809187,-1.3137408801461474,-0.4239753821712399,-0.8642995092015435,0,"['orquesta tipica', ' tango', ' vintage tango']",Juan D'Arienzo
0.7660325765065352,-1.2307096560584962,0.4539758804557572,-1.5163190733098835,1.0140957764937388,0.09097275987908199,0.8392080923614237,2.999392030384969,-0.5192052969121054,0.19525685285883063,-0.799809254621575,-1.4357715399604087,-0.5920099271179606,-1.3137408801461474,-0.4239753821712399,-0.8642995092015435,0,"['orquesta tipica', ' tango', ' vintage tango']",Juan D'Arienzo
-0.19753803569354608,-1.5637489363786088,0.9983114685322046,-2.060161445162599,-0.982155752037243,0.027609489160925062,0.18225928121417106,-0.3370097399703646,-0.6924374431125497,-0.16100160172463385,-0.5418465289650763,-0.5501505398884802,0.1057277850981605,-0.8458844413476619,-0.4139848426032012,-1.2140484203384583,0,"['argentine rock', ' cantautor', ' rock en espanol', ' rock nacional', ' trova']",Juan Carlos Baglietto
1.0145004702185063,-0.9948068324984163,-1.4511986778118087,-0.8942345291579217,-0.982155752037243,-0.07799596203600315,1.9839901791130725,-0.3370097399703646,-0.6267615195530406,0.4634514197924495,0.8231400744953469,-1.2098362592515215,-1.2487042444978393,-1.5142507824883555,-0.4200717545461717,0.39479657089134984,0,"['chamame', ' folclore tucumano', ' folklore argentino', ' zamba']",Los Tucu Tucu
0.4448423724398417,-0.9624280135784056,0.4539758804557572,0.42224929414985013,-0.982155752037243,-0.6799470338584934,0.972549187693292,-0.3369048816290106,1.5129410335161841,0.5835385393149656,-0.009423060142873184,-0.5645050746402853,0.06468439026191808,-1.6479240507164943,-0.4274794853623851,0.11499744198181798,1,"['chamame', ' folklore argentino']",Los Cuatro De Cordoba
-0.5247884322898005,0.45761447334207483,0.1818080864175335,0.6691270575031537,-0.982155752037243,-0.43071816903374305,-0.941058141410884,-0.3370097399703646,0.6991306763657448,-0.7814517192576331,-1.440022072149323,0.20768112566220007,-0.09948918908305161,-0.5785379048913845,-0.40430221075492345,-0.09485190470033092,2,"['argentine heavy metal', ' argentine metal', ' argentine rock', ' latin alternative', ' latin metal', ' rock en espanol', ' rock nacional']",Almafuerte
0.25091621149391313,0.9155434837822296,0.9983114685322046,1.2535723748293417,-0.982155752037243,-0.6947317970260635,0.2603126053108744,-0.33695826405733625,-0.019497182872362153,0.7316459867260688,-0.8299405711185143,-0.5212715942339607,-1.9464419567139606,-0.24435473432103755,-0.38138224553465905,0.7445454820282646,1,['cumbia villera'],Los Charros
-1.0096038346546214,0.42986119998206546,-0.36252750165891395,0.25805928106734116,-0.982155752037243,-0.13924712373022144,-0.5755084068913234,-0.3370097399703646,-0.43830017368662316,-0.7414226794167944,0.40140518758114385,1.4613671193701603,0.5982485231330695,0.15666507036337868,-0.24903643730770716,-0.30470125138247983,2,"['argentine rock', ' latin alternative', ' latin rock', ' rock en espanol', ' rock nacional']",La Renga
-0.5187282397602403,0.3049714698620231,0.9983114685322046,0.5668787641575479,-0.982155752037243,2.750118021017732,0.227790386937248,-0.3370097399703646,-0.6862505807482482,0.9758231297551845,1.157897965335911,-0.5818607547248151,-1.9464419567139606,-0.1106814660928988,-0.36846766205998543,0.2548970064365839,1,"['cumbia villera', ' folclore salteno', ' folklore argentino']",Chaqueño Palavecino
-0.7974970961200123,1.0311821227822688,-0.09035970762069023,-0.2306579239381783,1.0140957764937388,-0.3927002066028489,-0.47794175177044435,-0.3139885677549128,-0.41450454920854013,0.7236401787579011,2.172698615556994,-1.0875254305970865,0.18781457477064534,-0.04384483197882943,-0.3943637537372036,-1.3539479847932243,1,"['argentine rock', ' latin alternative', ' latin rock', ' post-punk argentina', ' rock en espanol', ' rock nacional']",Virus
-1.3126134611326348,1.2532083096623436,0.9983114685322046,0.45425745554499647,-0.982155752037243,-0.11812603349083581,-0.9912594376924136,0.4732592614016451,2.9026055030362317,-0.27708581726306564,1.2104293097899108,-0.14830850491338798,-1.9464419567139606,-0.04384483197882943,-0.3943637537372036,-0.024902122472947954,1,"['argentine rock', ' latin alternative', ' latin rock', ' post-punk argentina', ' rock en espanol', ' rock nacional']",Virus
-0.5005476621715595,-0.12520426721812225,0.4539758804557572,0.39439033886148234,1.0140957764937388,0.3972285683501735,1.0831247301636218,-0.3370097399703646,-0.3193220512962081,0.48346593971286883,-1.141055905486681,-0.6073421773611558,-0.5099231374454758,-0.7790478072335926,-0.39643504707903154,0.6745956998008817,1,"['cumbia andina mexicana', ' folclore jujeno', ' folklore argentino']",Los Tekis
0.5054442977354444,0.9201690293422311,-1.4511986778118087,1.3724174926020605,-0.982155752037243,-0.6039111089967052,0.13022373181636882,-0.3370097399703646,0.6182255531402625,1.1559538090389587,-0.5299389640264235,0.27205003051077836,1.1728560508404635,1.1592145820744193,0.6509874075046874,0.8844450464830306,1,"['latin pop', ' modern salsa', ' salsa', ' tropical']",Marc Anthony
1.0508616253958678,1.0959397606222907,0.4539758804557572,0.36623501170834427,-0.982155752037243,0.09942119597483619,0.650579225794391,-0.3368181351829813,-0.2764899272356587,0.8277156823440818,1.1946561005813185,0.36641623234069326,-1.9464419567139606,-0.5785379048913845,-0.3954531695695219,0.6046459175734987,1,"['dominican pop', ' merengue', ' tropical']",Los Hermanos Rosario
0.984199507570705,0.6426362957421371,-1.179030883773585,-0.21732119002353406,1.0140957764937388,-0.5658931465658111,-0.8571508180069279,-0.3369852412487937,2.7931456304370506,0.7756779305509914,0.2602401423663887,-0.711532883251971,-0.18157597875553647,-0.7122111731195232,-0.39920486726801224,-0.7243999447467776,1,"['latin pop', ' rumba', ' spanish pop', ' spanish pop rock']",Azucar Moreno
0.9599587374524639,0.5316232023020999,0.9983114685322046,0.14484522872524982,-0.982155752037243,0.9125831701911825,0.7904247648009844,-0.3370097399703646,-0.7143294176323861,1.376113528163571,-1.2855688747566512,-0.34385011095548434,-1.9464419567139606,-0.6453745390054538,-0.4099674699265297,0.04504765975443501,1,"['argentine rock', ' cantautor', ' musica andina chilena', ' nueva cancion', ' rock nacional', ' trova']",Victor Heredia
-0.033912837395419504,1.2254550363023342,0.1818080864175335,-0.038608955567300964,-0.982155752037243,-0.5088662029194699,-0.8903234807480268,0.12293707551433498,1.5462549077855003,1.440159991908913,0.27042197325596107,-0.47370627197945814,-1.8643551670414757,0.022991802135239943,-0.3848947143167882,-1.0741488558836925,1,"['hi-nrg', ' new romantic', ' new wave', ' new wave pop', ' synthpop']",Dead Or Alive
-1.7004657830244916,-2.007801310138759,0.9983114685322046,-1.7815718922789188,1.0140957764937388,-0.445502932201313,1.567705783930655,-0.3370097399703646,-0.28600817702689185,-1.626064459899329,-1.6867330118058195,0.40586996838929407,-1.9464419567139606,-0.6453745390054538,-0.4099674699265297,-0.3746510336098628,0,"['argentine rock', ' cantautor', ' musica andina chilena', ' nueva cancion', ' rock nacional', ' trova']",Victor Heredia
0.6205879557970895,1.2948382197023576,1.542647056608652,1.0828621807218952,-0.982155752037243,-0.03575378155723186,-0.43891508972209264,-0.3370097399703646,3.54984648884009,0.8317185863281652,0.26348452237865916,-0.44294453231903136,-1.9464419567139606,1.4933977526447662,1.9224003147569515,0.7445454820282646,1,"['arrocha', ' sertanejo', ' sertanejo universitario']",Gusttavo Lima
0.28727736667127474,0.8600369370622107,-0.36252750165891395,-0.41322299263641943,-0.982155752037243,4.439805240168583,-0.8565003736394555,-0.3314808456080615,0.28032768555148396,0.8997679540575909,1.4654928022439542,-0.1732236737133655,-1.0845306651528697,-2.0489438554009105,-0.42856930598136395,0.11499744198181798,1,['cumbia boliviana'],Rumba 7
0.2327356339052323,0.9617989393822453,0.7261436744939809,-0.5871932772563343,-0.982155752037243,-0.30821584564530646,0.9595403003438414,-0.33700263820088194,-0.6943410930707963,1.4001309520680743,-0.038242818762511704,-1.6340736334547754,-1.9464419567139606,0.42401160681965616,-0.33287166763697446,1.2341939576199454,1,"['flamenco', ' rumba', ' world']",Gipsy Kings
-0.858099021415615,-1.1705775637784759,-0.9068630897353613,-0.17138355098420355,-0.982155752037243,-0.5173146390152241,1.603480224141644,-0.3370097399703646,-0.6129600573557524,-1.509980244360897,0.21040094302895435,0.22466874075309384,-0.6740967167904456,-1.5142507824883555,-0.4200717545461717,0.5346961353461157,0,"['chamame', ' folclore tucumano', ' folklore argentino', ' zamba']",Los Tucu Tucu
0.6145277632675292,-0.6525164610583005,-1.179030883773585,-0.9215007407167501,-0.982155752037243,-0.5595568194939954,0.8489647578735117,-0.3370097399703646,-0.4192636741041567,0.8157069703918302,-0.3380373377687124,-1.013544366876244,1.0497258663317361,0.7581947773900031,-0.1696923149767945,-1.843596460384905,1,"['classic country pop', ' country', ' country dawn']",Dolly Parton
-1.4095765416055988,0.8276581181421998,-0.9068630897353613,0.5754735482358742,-0.982155752037243,1.0815518921062677,-0.8665822613352796,-0.33581340162128004,2.255364517232374,-1.2698060053158648,0.2671775932436906,0.6087728743041111,-0.30470616326426375,-0.17751810020696818,-0.3762190567509716,0.6046459175734987,2,['operatic pop'],Sarah Brightman
0.9963198926298255,-1.235335201618498,-0.9068630897353613,-1.5572183906481258,-0.982155752037243,-0.4497271502491901,0.9758014095306546,-0.33363997418230573,-0.3050446766093583,-0.028905770249866132,-0.011114279510971943,-0.6698282882038268,-1.9464419567139606,0.22350170447744808,-0.3944526718736289,0.5346961353461157,0,"['broadway', ' show tunes', ' west end']",Andrew Lloyd Webber
-0.2702603460482693,-0.8699171023783743,-1.4511986778118087,-0.01934478435725916,1.0140957764937388,-0.2997674095495522,1.9644768480888966,-0.3370097399703646,-0.5192052969121054,-0.06893481009070483,-1.3005827609836484,-1.3702984401309224,-1.9464419567139606,-1.4474141483742862,-0.4276392411643996,-1.0741488558836925,0,['show tunes'],Les Misérables-Original London Cast
-0.9429417168294588,-1.5730000274986118,1.542647056608652,-0.5039127832560001,1.0140957764937388,-0.2216193756638254,1.9904946227877978,-0.33684768617009014,0.0042984416057208815,-1.4819599164723098,-1.480266190173872,0.5200692108378274,-1.9464419567139606,-1.4474141483742862,-0.4276392411643996,-1.0741488558836925,0,['show tunes'],Les Misérables-Original London Cast
-1.1368678777753871,-1.3185950216985258,-1.4511986778118087,-0.7303408879401827,1.0140957764937388,-0.513090420967347,1.9059368550163691,-0.3370097399703646,-0.5477600462858051,-0.25707129734264633,-1.433360738719874,-1.5567658284452996,0.3109447592793726,-0.3780280025491763,-0.42444264090635486,0.8844450464830306,0,"['broadway', ' hollywood', ' show tunes']",Aaron Tveit
-0.6581126679401261,0.540874293422103,-1.179030883773585,-0.41648308314888777,1.0140957764937388,0.6295605609834153,-0.831458265491763,-0.3253799966565546,0.8561817979210928,0.027134885527308056,1.3225675082991377,-0.436899772615855,1.3370296301854332,1.2260512161884887,1.2215397375774029,-2.403194718203969,2,"['british invasion', ' classic rock', ' rock']",The Rolling Stones
-0.8702194064747355,-0.2177151784181536,-0.36252750165891395,-1.0824306632867904,-0.982155752037243,0.2979594442250609,-0.9915375026595082,-0.31742029529013543,-0.2098621786970263,-0.9175504547164846,1.4621103635077577,-0.9157664856822413,1.3370296301854332,0.8918680456181418,0.4451674232397602,-2.1233955892944367,2,"['album rock', ' birmingham metal', ' classic rock', ' hard rock', ' metal', ' rock', ' stoner rock', ' uk doom metal']",Black Sabbath
-1.9246929066182212,1.322591493062367,0.1818080864175335,0.4124690226124445,-0.982155752037243,0.47326449321196157,-0.9722469488311916,0.5781176027556698,3.573642113318173,-0.80947204714622,0.37306863449524813,-0.355557409022292,-0.46887974260923343,0.9587046797322112,0.619932174910387,-1.0741488558836925,2,"['hard rock', ' metal', ' nwobhm', ' rock']",Iron Maiden
0.12971236090270774,-0.4952479120182477,1.2704792625704282,-0.024086734193577118,-0.982155752037243,-0.7243013233612032,0.7188758843790064,0.4398952436980917,-0.07184755672414483,0.27531493254050804,-0.6745899920203204,-1.0409085835184921,0.18781457477064534,-0.24435473432103755,-0.38128685081166563,-1.4238977670206072,1,"['blues', ' blues rock']",The Blues Brothers
-0.45206612193507734,1.2115783996223295,-1.4511986778118087,1.21030208257294,1.0140957764937388,0.027609489160925062,-0.10068401863637831,-0.3370097399703646,2.2791601417104568,1.2159973688002168,1.4234194061273808,0.12047803486227872,-0.3867929529367486,-0.24435473432103755,-0.38128685081166563,-0.16480168692771388,1,"['blues', ' blues rock']",The Blues Brothers
0.24485601896435286,-0.277847270698174,0.7261436744939809,-1.17638054441884,-0.982155752037243,4.1018677963384125,0.8554692015482369,-0.3370097399703646,2.4171747636833385,1.3400873923068162,1.807498776090656,-1.626032828978419,0.39303154895185743,0.49084824093372553,-0.16814832372472382,0.8144952642556477,1,"['adult standards', ' classic soul', ' jazz blues', ' piano blues', ' soul', ' soul blues', ' vocal jazz']",Ray Charles
0.04486966548886398,-0.6201376421382896,-0.9068630897353613,-1.0738358792084641,1.0140957764937388,-0.3863638795310333,1.7921090907086767,2.703882159296354,0.4897291809586144,1.2600293126251394,-0.3074228157380308,0.45173652913470724,-0.8793136909716577,-3.252003269454159,-0.4291059181643129,0.6046459175734987,0,"['irish fiddle', ' jig and reel']",Alan McCartney & Paul Bradley & Jason O'Rourke & Brendan O'Hare & Ray Gallen
-0.6217515127627649,0.9201690293422311,-0.9068630897353613,1.2215642134341953,1.0140957764937388,3.0669343746085156,-0.9433346966970377,-0.3370033054812361,-0.2288986782794926,-0.6893849276237041,0.35677770507193135,1.4534395656610766,0.47511833862434233,0.15666507036337868,-0.22901784794108915,0.39479657089134984,2,"['alternative metal', ' comedy rock', ' comic', ' comic metal', ' parody', ' rock']",Tenacious D
0.06911043560710506,-1.1428242904184664,0.4539758804557572,0.7420345362365424,1.0140957764937388,-0.6609380526430464,0.04891818588230297,-0.3370097399703646,-0.3907089247304571,-1.9302851626897028,0.5750140329186054,-0.08865366325253268,-0.058445794246809187,-1.1132309778039393,-0.4279943739945534,1.2341939576199454,0,"['broadway', ' hollywood', ' show tunes']",Caissie Levy
0.3115181367895158,-0.68026973441831,0.9983114685322046,-0.1574540733400199,1.0140957764937388,-0.6736107067866778,0.9172614164581271,-0.3370097399703646,0.4278605573155985,-0.2170422575018076,-0.22759035862758373,-1.4854178450635458,0.2699013644431302,0.9587046797322112,0.31608932279421587,-0.024902122472947954,0,"['arkansas country', ' outlaw country']",Johnny Cash
-0.11269534027970232,-0.15758308613813324,-1.179030883773585,-0.29734159351139944,-0.982155752037243,-0.5532204924221796,0.19201594672625896,-0.3370097399703646,-0.7619206665885522,0.355373012222185,-0.2763596028545887,-1.0461889005425782,-1.9464419567139606,0.42401160681965616,-0.23932277181545705,0.39479657089134984,1,"['brill building pop', ' bubblegum pop', ' classic rock', ' folk rock', ' mellow gold', ' psychedelic rock', ' rock', ' sunshine pop']",The Mamas & The Papas
-0.45206612193507734,-0.14370644945812852,-0.36252750165891395,-0.3545413634119846,1.0140957764937388,-0.5658931465658111,0.05542262955702825,-0.3370097399703646,0.6753350518876617,-0.10496094594745967,0.33423961839094507,-0.7783508359428197,-1.9464419567139606,0.022991802135239943,-0.2435405138890808,0.4647463531187328,1,"['acid rock', ' blues rock', ' classic rock', ' folk rock', ' psychedelic rock', ' rock']",Jefferson Airplane
0.8205743092725777,0.7120194791421606,-1.179030883773585,0.9263778361234029,-0.982155752037243,-0.5616689285179338,0.2830781581724129,-0.337003400807001,-0.7757221287858402,1.4521687038611646,-0.704755823198241,0.13898037896544385,0.639291917969312,1.2260512161884887,0.4372956719817158,0.6046459175734987,1,"['dance pop', ' pop']",Madonna
0.6872500736222524,-0.42586472861822416,0.1818080864175335,-1.3381995825831905,1.0140957764937388,-0.5743415826615653,-0.4942028609572576,-0.3355131254619481,0.637262052722729,0.6996227548533979,0.0015871230902581646,-0.12149638576159397,0.22885796960688776,0.6913581432759337,-0.14308312413264512,0.6745956998008817,1,"['disco', ' new wave pop', ' permanent wave', ' soft rock']",Cyndi Lauper
-1.5550211623150452,-0.8976703757383836,0.9983114685322046,-0.3699527003800179,-0.982155752037243,-0.6757228158106162,-0.990706559980062,-0.3157997572873914,-0.6086768449496975,-1.2257740614909423,-0.10385522730853829,0.5206354646741905,0.639291917969312,0.2903383385915174,-0.14665577119830334,-0.5845003802920117,2,"['album rock', ' blues rock', ' british invasion', ' classic rock', ' folk rock', ' protopunk', ' psychedelic rock', ' rock']",The Animals
-0.10057495522058178,-2.326963953778867,-0.36252750165891395,-3.1072432433945574,-0.982155752037243,-0.47296034951251437,1.6782813264009844,-0.3364949808400812,-0.4716140479559394,-0.4171874567060011,-0.9769385974191602,-0.696866908890166,-1.9464419567139606,0.15666507036337868,-0.28614741327211896,-0.23475146915509684,0,"['latin jazz', ' musica tradicional cubana', ' world']",Buena Vista Social Club
-0.17935745810486528,-0.883793739058379,-0.36252750165891395,-1.2039431278424382,1.0140957764937388,2.51778602838449,0.13022373181636882,-0.3370097399703646,-0.5848812204716146,-0.5933152320056913,-0.45107291798346144,0.3860510841165847,-0.9614004806441425,-2.316290391857188,-0.4284405838233219,-0.23475146915509684,0,['folklore argentino'],Rubén Patagonia
0.14183274596182827,-0.08819990273810971,-1.4511986778118087,-0.5095438486866277,-0.982155752037243,-0.4560634773210058,-0.7504779417414335,-0.2957336837828258,0.32791893450764975,1.3560990082431517,-0.3214357762165617,-1.2213595248215112,-0.633053321954203,-0.3780280025491763,-0.4011083090746155,1.1642441753925625,1,"['cumbia', ' musica popular colombiana', ' tropical']",Pastor Lopez
1.0508616253958678,0.0551920096219384,-1.4511986778118087,-1.016043365578339,1.0140957764937388,1.2293995237819668,1.4798957943218636,-0.3370097399703646,2.736036131689651,0.6996227548533979,-0.6761431526644927,-0.6998397415310724,-1.9464419567139606,-1.4474141483742862,-0.4275503230279743,-1.983496024839671,0,"['broadway', ' show tunes']",Joel Grey
0.8448150793908188,0.846160300382206,-1.179030883773585,0.32089011639855397,-0.982155752037243,-0.42226973293798886,-0.8343852651453895,-0.33370193592946945,-0.6734009435300833,0.6475850030603075,0.19624992382649736,-0.41167316420587774,-0.14053258391929405,0.7581947773900031,-0.1696923149767945,1.2341939576199454,1,"['classic country pop', ' country', ' country dawn']",Dolly Parton
0.2327356339052323,-1.1567009270984712,1.2704792625704282,-0.848000518253822,1.0140957764937388,-0.325112717836815,1.7205602102866986,-0.3123680297521688,-0.5049279222252556,-0.8655127029233942,0.44554946455661354,-0.9131192489972437,0.47511833862434233,0.08982843624930932,-0.3659206094631719,0.11499744198181798,0,['chanson'],Carla Bruni
0.8751160420386201,0.6842662057821511,-1.4511986778118087,0.22279102915972618,1.0140957764937388,0.3761074781107879,0.12046706630428107,-0.3370097399703646,-0.8632900268651859,1.1919799448957136,1.2032157414647557,-0.7175776429551473,0.1057277850981605,-0.24435473432103755,-0.3597509861125706,-0.16480168692771388,1,"['argentine rock', ' folclore salteno', ' folklore argentino']",Los Nocheros
1.5114362576424476,1.345719220862375,0.4539758804557572,-1.0696866731016863,-0.982155752037243,-0.09700494325145016,-0.14946734619681792,-0.3362804978691298,0.8133496738605434,0.6395791950921398,0.2635190370596409,0.7165734484017411,1.1728560508404635,0.15666507036337868,-0.3884645278758228,-0.09485190470033092,1,"['bubblegum dance', ' eurodance', ' europop', ' italian adult pop', ' italo dance']",Eiffel 65
1.56597799040849,0.26334155982200896,-1.4511986778118087,0.47648534540273696,-0.982155752037243,-0.5152025299912856,-0.9788814813794116,-0.23930083098138694,-0.4573366732690896,1.4601745118293323,0.08997922108414241,0.387565813128856,0.9676390766592514,0.15666507036337868,-0.3179172292511059,-0.09485190470033092,1,"['alternative metal', ' comic', ' funk metal', ' funk rock', ' nu metal', ' punk', ' rap rock']",Bloodhound Gang
0.4630229500285225,-0.14370644945812852,0.9983114685322046,0.04941348826935098,-0.982155752037243,-0.37157911636346336,-0.9791091369080268,0.4303626672113622,-0.7162330675906328,-0.8014662391780523,0.16042368496759338,1.4808037823033247,1.131812656004221,1.2260512161884887,0.4372956719817158,0.3248467886639669,2,"['dance pop', ' pop']",Madonna
0.0994113982549064,0.9201690293422311,-1.4511986778118087,0.4838946420219836,-0.982155752037243,-0.3546822441719548,-0.9878576136505324,-0.2750479928066227,-0.23841692807072581,-0.6493558877828653,0.43484991345231666,0.6901293942435831,0.639291917969312,1.2260512161884887,0.4372956719817158,0.3248467886639669,2,"['dance pop', ' pop']",Madonna
1.438713947287725,1.313340401942364,-1.4511986778118087,0.9512730727640719,1.0140957764937388,-0.43071816903374305,-0.5007073046319829,-0.3370097399703646,-0.7457396419434558,0.40340786003119145,0.33530957350137397,-0.2723180950769125,-1.9464419567139606,-0.17751810020696818,-0.41659989935898034,0.2548970064365839,1,"['bubblegum dance', ' eurodance', ' europop', ' moldovan pop']",O-Zone
-1.6398638577288889,0.36972910770204503,-0.09035970762069023,0.7672261447419815,1.0140957764937388,-0.43071816903374305,-0.33484399092648826,-0.3370097399703646,3.1500799976082954,0.2553004126200887,1.8752510948575418,0.0938641045532118,0.6803353128055544,0.2903383385915174,-0.1769983094123332,1.2341939576199454,1,"['cumbia 420', ' cumbia villera']",Damas Gratis
0.5357452603832458,1.0635609417022798,-0.09035970762069023,0.8786619658954533,1.0140957764937388,-0.5025298758476542,-0.822677266530884,-0.3370097399703646,-0.7057629928202762,0.20326266082699837,0.8186531659677387,0.8911495061524928,-1.9464419567139606,0.3571749727055868,-0.31524536743396847,-1.0741488558836925,1,"['album rock', ' mellow gold', ' new romantic', ' new wave pop', ' soft rock']",Starship
0.5963471856788484,-1.4111059328985571,0.9983114685322046,-3.0236663775294534,1.0140957764937388,-0.6440411804515378,-0.1559717898715432,-0.3366279602820711,-0.8137951279507731,0.5074833636173721,-0.9544695401001365,0.8885022694674951,1.4601598146941603,0.8918680456181418,-0.10385592350708889,-1.2839982025658414,0,"['album rock', ' classic rock', ' mellow gold', ' rock', ' soft rock', ' yacht rock']",TOTO
0.3115181367895158,0.7582749347421762,-0.09035970762069023,0.7636696823647429,1.0140957764937388,-0.5320994021827941,-0.13320623701000472,-0.3369091712884296,-0.18130742932332666,-1.3938960288224647,-0.3221950991981567,1.5508352255155342,1.0497258663317361,1.2260512161884887,0.4372956719817158,0.6046459175734987,2,"['dance pop', ' pop']",Madonna
0.4266617948511609,0.7443982980621716,0.4539758804557572,1.2606852995838185,1.0140957764937388,0.12054228621422183,-0.6307961781264884,-0.3364473179576476,-0.5720315832534497,0.9197824739780103,-1.2331065596646154,0.9385307959101773,0.18781457477064534,0.2903383385915174,-0.1769983094123332,0.3248467886639669,1,"['cumbia 420', ' cumbia villera']",Damas Gratis
0.5599860305014868,0.23558828646199956,0.7261436744939809,1.6210734871439831,1.0140957764937388,-0.2195072666398868,-0.09743179679901567,-0.33697413579718666,-0.6029658950749576,0.8597389142167522,-1.2152624695971264,0.6391665489709019,-0.18157597875553647,0.2903383385915174,-0.1769983094123332,1.0243446109377965,1,"['cumbia 420', ' cumbia villera']",Damas Gratis
0.8751160420386201,0.0043110084619216605,0.7261436744939809,1.4625145394921015,1.0140957764937388,-0.5236509660870399,-0.32183510357703776,-0.23215139861633982,-0.5192052969121054,0.9237853779620941,-1.3148028095480684,0.46985665189832726,-0.8793136909716577,0.2903383385915174,-0.1769983094123332,1.0243446109377965,1,"['cumbia 420', ' cumbia villera']",Damas Gratis
0.45090256496940195,-0.7912828278583476,0.4539758804557572,-0.9819606011298042,-0.982155752037243,-0.618695872164275,-0.6275439562891257,-0.33700006440523056,-0.16703005463647683,-0.46922520849909144,0.11065351499212255,0.0015647292260223176,-1.9464419567139606,0.15666507036337868,-0.38408514099576885,-1.2140484203384583,0,"['disco', ' new wave pop', ' soft rock']",Irene Cara
0.26909678908259393,-0.6710186432983068,-0.6346952956971377,-1.0830234070163305,-0.982155752037243,0.048730579400310704,-0.7020198363647301,-0.3369904841658614,-0.8452053522618427,0.9197824739780103,1.328400489385029,0.16389554776542137,1.2138994456767058,0.08982843624930932,-0.4198005474836302,-1.2140484203384583,1,['hi-nrg'],Michael Sembello
-1.548960969785485,1.0450587594622736,0.1818080864175335,0.6448245645920242,-0.982155752037243,2.137606404075549,0.6538314476317536,-0.33675760332229066,1.5795687820548168,0.1712394289543274,1.8178531803851363,-1.9204848238872443,0.5572051282968271,0.2903383385915174,-0.2646846800296893,0.04504765975443501,1,"['argentine rock', ' cumbia santafesina', ' cumbia villera']",Leo Mattioli
-0.16723707304574473,0.6195085679421297,0.9983114685322046,0.6489737706988025,1.0140957764937388,-0.03997799960510896,-0.9007305906275872,-0.3317191600202297,-0.6862505807482482,0.7196372747738172,1.3570476745997588,0.17796695559904505,0.3109447592793726,0.6245215091618643,-0.27160342856000713,0.8844450464830306,1,"['candy pop', ' new wave', ' new wave pop', ' permanent wave', ' power pop', ' rock']",Blondie
-0.07633418510234072,0.6796406602221496,-0.9068630897353613,0.34104340320290516,-0.982155752037243,-0.5933505638770123,-0.9892398079314115,-0.3252846708916873,-0.6181950947409307,0.5395065954900431,0.7695732896118999,-0.29062225033735056,1.0497258663317361,0.6245215091618643,-0.27160342856000713,-0.09485190470033092,1,"['candy pop', ' new wave', ' new wave pop', ' permanent wave', ' power pop', ' rock']",Blondie
-0.3914641966394747,0.9247945749022327,1.2704792625704282,0.5603585831326107,-0.982155752037243,-0.5637810375418725,-0.9917235297486053,-0.336922516895511,-0.4668549230603228,-1.053649190175336,0.05915761096757118,2.0423293991328184,0.5572051282968271,0.08982843624930932,-0.2902751577782227,0.7445454820282646,2,"['argentine heavy metal', ' argentine rock', ' latin metal', ' rock en espanol', ' rock urbano mexicano']",Rata Blanca
-0.7671961334722109,1.082063123942286,-1.179030883773585,0.3594184588186373,1.0140957764937388,-0.40114864269860323,-0.9917805411974142,-0.33683529382065747,-0.6814914558526316,-1.1817421176660197,-0.2240698611674606,1.2978471677743988,0.4340749437880999,0.08982843624930932,-0.2902751577782227,0.7445454820282646,2,"['argentine heavy metal', ' argentine rock', ' latin metal', ' rock en espanol', ' rock urbano mexicano']",Rata Blanca
1.1781256685166335,0.11069855634195722,-0.36252750165891395,0.5659896485632382,-0.982155752037243,-0.6588259436191077,-0.48119397360780697,-0.3365774376266914,-0.7414564295374008,1.055881209436862,-0.543710321738083,0.24958390955307136,0.4340749437880999,-0.44486463666324566,-0.42082816588577737,-0.30470125138247983,1,"['chicha', ' cumbia chilena', ' cumbia villera']",Antonio Rios
-1.6216832801402081,-1.7718984865786793,-0.09035970762069023,-1.4872746305624363,1.0140957764937388,-0.546884165350364,1.8831713021548306,-0.3370097399703646,-0.750974679328634,-1.7781748112945157,-1.1024684921492487,1.51327843981875,-1.1666174548253545,-1.1132309778039393,-0.4291291259328488,-0.44460081583724576,0,['latin classical'],Ariel Ramírez
0.42060160232160065,-0.8652915568183727,-0.9068630897353613,0.19315384268273905,1.0140957764937388,-0.276534210286228,1.7108035447746106,3.5189174489117283,0.2612911859690175,-0.3531409929606592,-1.012799350959045,-1.2306744004296846,0.18781457477064534,-0.44486463666324566,-0.2603160874605823,1.1642441753925625,0,"['musica mexicana', ' norteno', ' ranchera', ' tejano']",Ramon Ayala
-0.24601957593002824,0.9664244849422469,-1.4511986778118087,1.2165258917331077,1.0140957764937388,-0.618695872164275,-0.738769943126928,-0.3359897542862845,0.35647368388134937,0.759666314614656,0.07382635038475223,0.22881655010445373,1.5422466043666454,1.2260512161884887,1.0995342045931702,-1.0041990736563096,1,"['glam metal', ' rock']",Bon Jovi
-1.5974425100219671,-0.3796092730182085,-0.09035970762069023,0.6706089168270031,1.0140957764937388,-0.7074044511696947,-0.6633183965001147,-0.3370097399703646,-0.04329280735044519,-1.7781748112945157,1.5260660673666668,2.283001435933056,1.0497258663317361,1.2260512161884887,1.0995342045931702,-0.5845003802920117,2,"['glam metal', ' rock']",Bon Jovi
-0.5914505501149635,1.0219310316622656,0.9983114685322046,1.0493721600028998,-0.982155752037243,0.019161053065170866,-0.9795969701836313,-0.33691870386491635,-0.3764315500436073,-0.008891250329446779,1.106988810888047,-0.034859548798035746,1.0086824714954938,1.2260512161884887,1.0995342045931702,-1.1440986381110754,2,"['glam metal', ' rock']",Bon Jovi
0.1600133235505091,-0.2593450884581677,-1.4511986778118087,-1.8106163350263667,1.0140957764937388,-0.701068124097879,0.17575483753944576,-0.3258089625984574,-0.500168797329639,0.9838289377233522,0.06695792886941336,-0.2966670100405269,0.7624221024780392,-0.5785379048913845,-0.4216423267889491,0.6046459175734987,1,"['new romantic', ' new wave', ' new wave pop', ' synthpop']",Limahl
-0.5066078547011198,-0.9022959212983852,0.9983114685322046,-0.4754610842380923,-0.982155752037243,-0.7454224136005889,0.37414036961856667,-0.3236641328889433,0.08044443993558646,-1.0896753260320906,0.5677659499124685,-0.09093283494389426,1.0086824714954938,0.2903383385915174,-0.341888290499827,-1.1440986381110754,0,"['europop', ' new romantic', ' new wave', ' new wave pop', ' synthpop']",Alphaville
1.8811080019456239,0.6426362957421371,-1.4511986778118087,0.7254377118094295,1.0140957764937388,3.6372038110719282,0.962792522181204,-0.3156091057576568,-0.5192052969121054,-0.04091448220211774,0.26596957940933463,-0.9382892320235846,1.0086824714954938,0.08982843624930932,-0.3775211205089443,0.9543948287104136,1,['swedish pop'],AronChupa
-1.5307803921968042,-1.7904006688186855,1.542647056608652,-1.514540842121264,1.0140957764937388,-0.4940814397519,2.140096827306479,-0.3348315462431469,-0.5572782960770383,-2.1092149707782517,-0.6244056458730699,-0.031093960786220957,0.22885796960688776,-0.7790478072335926,-0.4132138589438171,0.39479657089134984,0,['operatic pop'],Katherine Jenkins
-0.7126544007061686,-1.8412816699787025,1.2704792625704282,-2.3835031496265295,1.0140957764937388,-0.23217992078351823,1.941711295227358,-0.3369627920311674,1.7604155280882472,-0.7654401033212976,-1.821064150186217,-0.7221076736460523,-1.9464419567139606,0.15666507036337868,-0.35448403701490583,1.0243446109377965,0,"['classical', ' italian opera', ' italian romanticism', ' late romantic era']",Giuseppe Verdi
-0.9793028720068204,-2.155818768058809,0.1818080864175335,-1.5100952641497163,1.0140957764937388,-0.6250321992360908,2.1498534928185666,-0.33698995987415464,-0.6281892570217257,-0.7694430073053815,-0.7255681758301478,-1.265895389051471,-1.9464419567139606,0.15666507036337868,-0.35448403701490583,1.0243446109377965,0,"['classical', ' italian opera', ' italian romanticism', ' late romantic era']",Giuseppe Verdi
-1.336854231250876,-1.9754224912187481,0.4539758804557572,-1.0560535673222722,-0.982155752037243,-0.6461532894754765,1.7010468792625228,-0.3366722867627344,-0.5287235467033387,-1.5860354200584905,-0.5273848776337849,1.2008903546431224,-1.9464419567139606,0.022991802135239943,-0.30044987527679334,1.0243446109377965,0,"['[""canzone dautore""', ' classic italian pop', ' italian adult pop']",Lucio Dalla
-1.045964989831983,0.6195085679421297,0.9983114685322046,0.6160764937093465,-0.982155752037243,-0.5109783119434084,-0.6112828471023125,-0.3370097399703646,-0.44305929858223975,0.007120365606888704,-1.0837960497382018,-0.14566126822839037,-0.9203570858079001,1.1592145820744193,0.19868162655782537,-0.23475146915509684,1,"['classic rock', ' mellow gold', ' piano rock', ' rock', ' singer-songwriter', ' soft rock']",Billy Joel
-0.27632053857782957,-0.6895208255383131,0.4539758804557572,-0.5424411256760837,1.0140957764937388,-0.6250321992360908,1.284762484080105,-0.2245253374269562,-0.645798019135507,-0.2450625853903947,-1.313215134222915,-0.46899220879173514,-0.7561835064629304,1.1592145820744193,0.19868162655782537,-1.913546242612288,0,"['classic rock', ' mellow gold', ' piano rock', ' rock', ' singer-songwriter', ' soft rock']",Billy Joel
-1.4459376967829605,-0.9300491946583946,-1.4511986778118087,-0.27985565348997665,1.0140957764937388,-0.7433103045766503,1.0180802934163689,-0.33698986454838975,0.44213793200244833,-0.8014662391780523,2.03177517310911,1.4591021040247079,0.6803353128055544,1.1592145820744193,0.19868162655782537,-1.913546242612288,0,"['classic rock', ' mellow gold', ' piano rock', ' rock', ' singer-songwriter', ' soft rock']",Billy Joel
-0.6217515127627649,1.0126799405422626,0.4539758804557572,0.3751261676514405,-0.982155752037243,-0.6208079811882137,-0.958294917148906,-0.3211856630023936,-0.7305104422774825,1.4521687038611646,1.3213594944647817,-1.0933861578034447,0.3109447592793726,0.49084824093372553,-0.2688280762866661,-0.6544501625193946,1,"['argentine rock', ' latin alternative', ' latin rock', ' post-punk argentina', ' rock en espanol', ' rock nacional']",Patricio Rey y sus Redonditos de Ricota
0.2751569816121542,0.09682191966195251,-1.4511986778118087,0.6418608459443256,1.0140957764937388,-0.7454224136005889,-0.9563435840464883,-0.33596115655682435,0.19466343743038503,0.019129077559140315,-0.2775676166889447,-0.29345351951916615,0.5161617334605847,0.49084824093372553,-0.2688280762866661,-0.6544501625193946,2,"['argentine rock', ' latin alternative', ' latin rock', ' post-punk argentina', ' rock en espanol', ' rock nacional']",Patricio Rey y sus Redonditos de Ricota
-0.16723707304574473,0.2864692876220168,0.9983114685322046,-0.20042799373165124,1.0140957764937388,-0.7707677218878515,-0.9906350110996399,-0.32337815559434135,-0.06232930693291162,0.3273526843335983,-1.3216022017014444,0.18597944738358327,0.1057277850981605,0.49084824093372553,-0.2688280762866661,-0.30470125138247983,1,"['argentine rock', ' latin alternative', ' latin rock', ' post-punk argentina', ' rock en espanol', ' rock nacional']",Patricio Rey y sus Redonditos de Ricota
-1.1792892254823089,1.008054394982261,-0.9068630897353613,1.1249469855192171,1.0140957764937388,-0.4666240224406986,-0.9903227978032532,-0.3370097399703646,-0.11943880568031076,-0.545280384196685,1.8613761931029371,0.3630187093225145,1.2138994456767058,1.09237794796035,0.627391448561372,-0.3746510336098628,2,"['beatlesque', ' britpop', ' madchester', ' permanent wave', ' pop rock', ' rock']",Oasis
-0.7793165185313315,0.8831646648622186,1.542647056608652,-0.5880823928506439,1.0140957764937388,2.074243133357392,-0.9916958858629876,0.5066232791051983,-0.5239644218077221,-0.3971729367855818,0.9201953574156131,-0.22040677462832295,0.06468439026191808,0.49084824093372553,-0.2688280762866661,-1.0041990736563096,2,"['argentine rock', ' latin alternative', ' latin rock', ' post-punk argentina', ' rock en espanol', ' rock nacional']",Patricio Rey y sus Redonditos de Ricota
-0.5853903575854033,0.1292007385819635,-0.09035970762069023,-0.6740302336339066,1.0140957764937388,3.2570241867629863,-0.9765073594381368,-0.3364473179576476,0.22797731169970128,-0.46922520849909144,1.6953260629004472,1.4364519505701827,0.5572051282968271,0.49084824093372553,-0.2688280762866661,-1.0041990736563096,2,"['argentine rock', ' latin alternative', ' latin rock', ' post-punk argentina', ' rock en espanol', ' rock nacional']",Patricio Rey y sus Redonditos de Ricota
0.04486966548886398,0.7351472069421684,1.542647056608652,0.4172109724487625,-0.982155752037243,-0.43916660512949723,-0.8269051549194553,-0.3370097399703646,-0.5287235467033387,0.3673817241744366,0.1196618467283207,0.8403706933766295,0.18781457477064534,0.49084824093372553,-0.2688280762866661,-0.6544501625193946,1,"['argentine rock', ' latin alternative', ' latin rock', ' post-punk argentina', ' rock en espanol', ' rock nacional']",Patricio Rey y sus Redonditos de Ricota
-1.0580853748911034,1.0543098505822766,-0.36252750165891395,0.56213681432123,-0.982155752037243,-0.325112717836815,-0.9579696949651696,-0.33143318272562783,-0.32884030108744133,-0.27308291327898176,0.22286074286331256,0.21617493320764694,0.5161617334605847,0.15666507036337868,-0.24903643730770716,-0.30470125138247983,2,"['argentine rock', ' latin alternative', ' latin rock', ' rock en espanol', ' rock nacional']",La Renga
-0.7308349782948493,-0.7126485533383209,-1.4511986778118087,-0.6657318214203506,1.0140957764937388,-0.5849021277812582,0.03265707669548977,-0.3370097399703646,-0.5525191711814217,-1.4379279726473873,1.0745450107653407,1.1216148175522849,1.2959862353491907,0.8918680456181418,0.36042304207098824,-0.7243999447467776,2,"['album rock', ' german hard rock', ' german metal', ' german rock', ' hard rock', ' metal', ' rock']",Scorpions
-1.185349418011869,0.013562099581924798,0.4539758804557572,-0.05253843321148487,1.0140957764937388,-0.6968439060500019,-0.9889308468568621,-0.32604727701062564,-0.8028491406908549,-1.2818147172681165,-0.3997841020447997,0.7361799874858144,1.2549428405129484,0.42401160681965616,-0.12089744191454527,-1.703696895930139,2,"['album rock', ' classic rock', ' country rock', ' hard rock', ' mellow gold', ' rock', ' soft rock']",Boston
1.2144868236939952,-0.3241027262981897,0.4539758804557572,-0.22058128053600243,1.0140957764937388,-0.2913189734537979,-0.516968413818796,-0.32237723506323473,-0.42402279899977335,-1.0856724220480067,-0.7783756377319999,0.022133899831912857,0.639291917969312,0.2903383385915174,-0.341888290499827,-1.1440986381110754,2,"['europop', ' new romantic', ' new wave', ' new wave pop', ' synthpop']",Alphaville
-0.8217378662382534,0.910917938222228,-0.9068630897353613,0.7396635613183834,-0.982155752037243,-0.6546017255712306,-0.9799872368041147,-0.33447407462489454,0.337437184298883,0.4754601317447011,0.8663869697652946,-0.35007890315547874,0.5161617334605847,0.49084824093372553,-0.2688280762866661,-0.8642995092015435,1,"['argentine rock', ' latin alternative', ' latin rock', ' post-punk argentina', ' rock en espanol', ' rock nacional']",Patricio Rey y sus Redonditos de Ricota
-1.4216969266647193,-1.9846735823387511,0.4539758804557572,-2.0082963688278714,-0.982155752037243,-0.40114864269860323,2.0067557319746108,1.216800227366548,0.26605031086463415,-1.0656579021275876,0.3446285373664071,0.010058536771469203,-0.18157597875553647,-0.6453745390054538,-0.4066722366522075,0.8144952642556477,0,"['latin classical', ' tango']",Carlos Gardel
-0.8702194064747355,0.4899932922620858,0.9983114685322046,0.8439864577173782,-0.982155752037243,2.5389071186238756,-0.6535617309880268,-0.3370097399703646,-0.12419793057592737,1.436157087924829,-0.9757305835848037,-0.7920117097450802,-1.0024438754803848,-2.316290391857188,-0.426250418132191,1.3041437398473283,1,['pop argentino'],Sudor Marika
1.1720654759870732,0.25409046870200586,1.2704792625704282,0.33007764420641994,1.0140957764937388,-0.3990365336746646,-0.3836273184869279,-0.3370097399703646,-0.7785776037232103,1.3240757763704811,0.5152000907774879,-0.6120703968947879,0.023640995425675656,-0.9795577095758007,-0.42675748088892274,0.4647463531187328,1,['cumbia villera'],Alcides
0.10547159078446666,0.8785391193022171,-0.09035970762069023,0.6015542723356229,-0.982155752037243,-0.31244006369318356,-0.6789290613194553,-0.33547499515600115,1.0608241684326067,0.7716750265669076,2.208110678244118,-0.035241770137580855,0.9676390766592514,0.15666507036337868,-0.3135073484426269,-1.2839982025658414,1,"['dance pop', ' disco', ' girl group', ' hi-nrg', ' mellow gold', ' new wave pop', ' soft rock']",The Pointer Sisters
1.275088748989598,0.7305216613821669,-1.4511986778118087,-0.4034427210990138,-0.982155752037243,-0.2997674095495522,0.2960870455218635,-0.2245253374269562,-0.4002271745216903,0.9037708580416748,-0.3936750035110563,-0.14811031607066089,0.926595681823009,0.42401160681965616,-0.2799150479891387,-1.0041990736563096,1,"['eurodance', ' europop', ' german pop', ' synthpop']",Modern Talking
0.8993568121568611,-1.2029563826984868,1.542647056608652,-0.4108520177182602,-0.982155752037243,-0.3990365336746646,0.9595403003438414,-0.3369671770163513,-0.4049862994173069,-0.15299579375646613,-0.8553088616399923,-0.6164022387429658,-0.18157597875553647,-0.04384483197882943,-0.32221039657247125,0.6745956998008817,0,"['cantautor', ' folclore tucumano', ' folklore argentino', ' nueva cancion', ' rock en espanol', ' rock nacional', ' trova']",Mercedes Sosa
0.9114771972159817,0.9386712115822374,-0.09035970762069023,0.202637742355375,-0.982155752037243,0.24304460960265845,0.14323261916581936,-0.3357037769916827,2.312474015979773,0.21126846879516611,0.5499563745259619,-0.2894897426646243,0.4340749437880999,-0.24435473432103755,-0.41060649313458764,-1.2839982025658414,1,"['disco', ' hi-nrg']",The Weather Girls
0.8387548868612584,1.3364681297423717,0.4539758804557572,0.7876758034111027,1.0140957764937388,-0.325112717836815,-0.7156791680816532,-0.3370097399703646,0.12327656399613592,1.147948001070791,0.8507173045996477,0.7824287695707727,0.351988154115615,1.1592145820744193,0.19868162655782537,0.04504765975443501,1,"['classic rock', ' mellow gold', ' piano rock', ' rock', ' singer-songwriter', ' soft rock']",Billy Joel
-0.5732699725262828,-1.337097203938532,-0.36252750165891395,-0.20102073746119065,-0.982155752037243,-0.1730408681132384,1.5416880092317538,-0.3369779964906638,-0.12419793057592737,0.019129077559140315,-1.0563913930388094,-0.7685404882278286,0.4340749437880999,0.022991802135239943,-0.3020835942386103,-1.0041990736563096,0,"['chanson', ' torch song', ' vintage schlager']",Édith Piaf
-1.1065669151275856,-1.7395196676586684,0.7261436744939809,-0.24458740158236192,1.0140957764937388,-0.648265398499415,2.2083934858910945,-0.3370097399703646,-0.6281892570217257,-0.7334168714486267,-1.306450256750521,-0.6534069269492961,0.5161617334605847,0.022991802135239943,-0.3020835942386103,-1.0041990736563096,0,"['chanson', ' torch song', ' vintage schlager']",Édith Piaf
-1.1368678777753871,-1.8274050332986982,-0.09035970762069023,-0.04483276472746825,-0.982155752037243,-0.1730408681132384,1.5449402310691165,-0.3370097399703646,-0.6971965680081663,-0.19302483359730438,2.0424056948514435,-0.5025852176339776,0.22885796960688776,0.022991802135239943,-0.3020835942386103,-0.9342492914289265,0,"['chanson', ' torch song', ' vintage schlager']",Édith Piaf
-1.1550484553640679,-1.498991298538587,0.4539758804557572,0.3754225395162105,1.0140957764937388,-0.715852887265449,1.798613534383402,-0.33699491681392774,-0.2431760529663424,-0.6813791196555363,-1.151203221695272,-1.2860964946637254,0.7213787076417968,0.022991802135239943,-0.3020835942386103,-0.9342492914289265,0,"['chanson', ' torch song', ' vintage schlager']",Édith Piaf
-0.1187555328092626,-0.47212018421823987,-1.4511986778118087,-1.6585775683994222,1.0140957764937388,-0.6841712519063706,-0.3706184311374773,-0.30536158603442254,-0.8690009767399257,-0.5933152320056913,-0.36395786318589624,0.9230437534856458,0.8855522869867666,0.15666507036337868,-0.15650800865733458,-2.263295153749203,2,"['album rock', ' art rock', ' blues rock', ' classic rock', ' folk rock', ' hard rock', ' psychedelic rock', ' rock', ' roots rock', ' supergroup']",Cream
-2.6397956251063324,1.1283185795423016,-0.9068630897353613,0.522719356306837,1.0140957764937388,2.623391479581418,-0.7579580519673674,-0.2464502633464341,3.50701436477954,-1.349864084997542,-1.507532788149338,4.775084569767172,-0.22261937359177889,0.9587046797322112,0.619932174910387,0.11499744198181798,2,"['hard rock', ' metal', ' nwobhm', ' rock']",Iron Maiden
0.05699005054798452,0.7721515714221809,-1.179030883773585,0.15610735958650504,-0.982155752037243,-0.3821396614831562,-0.8197502668772576,-0.33700287651529415,-0.6848228432795631,0.0751697333363145,-0.1352635870017966,-0.4070865081313364,0.8445088921505242,0.8250314115040724,0.08972709015285792,0.4647463531187328,2,"['baroque pop', ' brill building pop', ' classic rock', ' psychedelic rock', ' rock', ' sunshine pop']",The Beach Boys
0.41454140979204035,0.5454998389821046,-0.9068630897353613,-0.2069481747565885,-0.982155752037243,-0.4666240224406986,-0.947237362901873,-0.33646161682237763,0.661057677200812,0.4874688436969527,0.09860789132954308,0.7129635801949262,0.639291917969312,0.8250314115040724,0.0844596013396458,-1.2140484203384583,1,"['mellow gold', ' soft rock']",Rod Stewart
1.1538848983983925,-0.02806781045808932,1.542647056608652,0.4664087020005611,-0.982155752037243,-0.37369122538740185,-0.9543922509440708,-0.3370046400419442,-0.15751180484524363,1.1279334811503716,-0.4961145766644527,1.378694059261144,0.2699013644431302,-0.8458844413476619,-0.418072918016575,0.6745956998008817,1,"['argentine rock', ' latin alternative', ' latin rock', ' rock en espanol', ' rock nacional']",Gustavo Cordera
0.28121717414171443,1.0866886695022877,0.9983114685322046,0.7648551698238225,-0.982155752037243,-0.618695872164275,-0.9890576835085192,-0.33690106859841584,-0.3478768006699078,0.3994049560471076,0.056638039255914416,-0.3342237957373112,-1.9464419567139606,0.15666507036337868,-0.3564534590471721,0.8844450464830306,1,"['argentine rock', ' argentine telepop', ' latin alternative', ' latin rock', ' rock en espanol']",Tan Bionica
0.9054170046864214,1.3087148563823623,0.9983114685322046,0.9038535744008924,1.0140957764937388,-0.24062835687927242,-0.7046216138346202,2.5704260884821406,0.28032768555148396,1.2200002727843007,0.19814823128048525,-0.05612238035347111,0.7624221024780392,-0.17751810020696818,-0.3405835281641175,-1.0041990736563096,1,"['dance pop', ' disco', ' europop', ' girl group', ' hi-nrg', ' new romantic', ' new wave', ' new wave pop', ' soft rock']",Bananarama
0.63270834085621,-0.28709836181817716,1.2704792625704282,-1.7676424146347351,1.0140957764937388,-0.6503775075233535,0.497724799438347,-0.27409473515794974,0.6182255531402625,0.9838289377233522,-0.21223132559077076,-0.09621315196798041,0.926595681823009,0.42401160681965616,-0.2799150479891387,-1.0741488558836925,1,"['eurodance', ' europop', ' german pop', ' synthpop']",Modern Talking
1.0872227805732295,1.2023273085023263,-1.179030883773585,1.1207977794124389,-0.982155752037243,-0.5215388570631012,-0.9769951927137411,-0.3145128594616829,-0.6358038568547122,1.4481657998770807,-0.03624096726557851,-0.040522087161667,0.5161617334605847,0.42401160681965616,-0.2799150479891387,-0.16480168692771388,1,"['eurodance', ' europop', ' german pop', ' synthpop']",Modern Talking
0.6690694960335717,0.434486745542067,0.4539758804557572,-0.013417347061861843,-0.982155752037243,-0.6693864887388006,-0.9195934772842905,-0.26599204514422964,-0.07660668161976131,0.5274978835377915,0.12076631651973187,0.527232321867821,0.926595681823009,0.15666507036337868,-0.39214498312206336,-0.5145505980646287,1,"['bubblegum dance', ' eurodance', ' europop', ' hip house']",Haddaway
1.4508343323468456,-0.05582108381809873,-1.179030883773585,0.6540120923998902,-0.982155752037243,-0.5553326014461183,-0.09417957496165304,-0.3370048306934739,-0.650081231541562,0.895765050073507,-0.9847734300019836,-0.31911897465232486,0.351988154115615,-0.04384483197882943,-0.32800950519981936,0.2548970064365839,1,"['argentine rock', ' cumbia villera', ' rock en espanol']",Gilda
-1.7731880933792146,1.0635609417022798,-0.9068630897353613,0.6972823846562914,-0.982155752037243,0.9759464409093395,-0.8854451479919828,-0.3369675583194108,-0.18606655421894325,-1.381887316870213,-0.05777812819809892,0.523084512516461,1.0497258663317361,0.2903383385915174,-0.0019974321897424934,-0.7943497269741605,2,"['album rock', ' classic rock', ' detroit rock', ' glam metal', ' glam rock', ' hard rock', ' metal', ' protopunk', ' rock']",Alice Cooper
0.4812035276172033,1.105190851742294,0.1818080864175335,0.3383760564199765,1.0140957764937388,-0.16881665006536128,-0.9651245830073676,-0.3370097399703646,-0.8004695782430467,-0.5853094240375235,0.43498797217624274,0.08348750300185753,1.2138994456767058,0.557684875047795,-0.0646473430679161,-0.16480168692771388,2,"['dance pop', ' hollywood', ' new wave pop', ' pop']",Cher
0.6872500736222524,0.4529889277820733,-1.179030883773585,1.2627599026372076,1.0140957764937388,0.44158285785288315,-0.4714373080957191,-0.33696112383028226,-0.40974542431292355,1.3400873923068162,2.055107097452673,0.2216534390744602,0.5982485231330695,-0.44486463666324566,-0.39186392625078287,0.4647463531187328,1,"['cuarteto', ' cumbia villera']",Jambao
0.9538985449229036,-0.2593450884581677,-1.179030883773585,0.6187438404922755,1.0140957764937388,-0.5426599473024868,-0.5624995195418729,-0.3370097399703646,0.1851451876391518,0.927788281946178,-1.2642733165910023,-0.3174202131432355,-1.9464419567139606,-0.44486463666324566,-0.39186392625078287,-0.024902122472947954,1,"['cuarteto', ' cumbia villera']",Jambao
-0.25813996098914876,0.5223721111820968,0.9983114685322046,0.2183454511881782,-0.982155752037243,-0.2258435937117025,-0.7553562744974774,-0.3369860038549126,-0.1432344301583938,-0.37715841686516244,0.4351605455811506,1.7852643137698683,-0.09948918908305161,1.2260512161884887,0.4372956719817158,0.3248467886639669,2,"['dance pop', ' pop']",Madonna
0.32363852184863634,0.5593764756621094,1.542647056608652,0.37038421781512254,-0.982155752037243,-0.3546822441719548,-0.9906285066559652,-0.3296219931931492,0.6705759269920452,-0.9455707826050715,-0.7379244316215612,0.5815926901586811,0.4340749437880999,1.6939076549869743,2.7435150479695944,0.6046459175734987,2,"['art pop', ' dance pop', ' pop']",Lady Gaga
-0.033912837395419504,-0.4304902741782258,-0.9068630897353613,-0.7122622041892205,-0.982155752037243,-0.7982251391990529,-0.3706184311374773,-0.3368619850348203,0.1042400644136695,-0.8895301268278974,-1.2577500418854795,1.6340745394609137,0.22885796960688776,-0.8458844413476619,-0.4145449324124597,-0.44460081583724576,2,['circus'],Cirque du Soleil
2.281080708896601,-0.07894881161810657,-0.09035970762069023,1.0721927935901798,-0.982155752037243,-0.11812603349083581,-0.8935757025853894,-0.3370097399703646,-0.8266447651689379,0.6195646751717204,-0.5476795100509672,0.7229721167526445,1.6243333940391302,2.0949274596713905,7.744079981223974,-0.024902122472947954,2,"['detroit hip hop', ' hip hop', ' rap']",Eminem
1.1114635506914705,0.20783501310199015,0.9983114685322046,0.3048860357009808,-0.982155752037243,1.335004974978895,1.144916945073512,-0.27790776575264153,-0.23841692807072581,0.34336430026993336,-0.23673674908770845,-1.4963607004512631,-1.4539212186790516,-2.11578048951498,-0.42802527270963897,1.0942943931651794,1,"['folklore argentino', ' folklore cuyano']",Leandro Lovato
-0.579330165055843,-1.2723395660985102,0.9983114685322046,0.4862656169401426,-0.982155752037243,0.12687861328603742,1.8408924182691162,-0.3370097399703646,0.19466343743038503,-0.17301031367688502,1.8497102309311555,-0.48258230086445014,-1.0434872703166274,-2.5168002941993963,-0.42883997332835805,-1.843596460384905,0,['zamba'],Ginamaría Hidalgo
1.1114635506914705,-0.5923843687782802,-0.9068630897353613,0.8662143475751187,-0.982155752037243,-0.14135923275416007,-0.7124269462442905,-0.3348029485136867,-0.25269430275757565,1.1519509050548749,-1.2215096268547967,1.0646779943059725,0.22885796960688776,-0.44486463666324566,-0.383167894423054,0.2548970064365839,1,"['cumbia paraguaya', ' cumbia villera']",Pibes Chorros
0.5236248753241252,-0.44899245641823204,-0.9068630897353613,0.8671034631694283,1.0140957764937388,-0.5701173646136882,-0.643805065475939,-0.3370097399703646,0.10899918930928611,0.7436546986783205,-1.2547127499590982,-0.05194625831029306,-0.017402399410566767,-0.44486463666324566,-0.383167894423054,0.2548970064365839,1,"['cumbia paraguaya', ' cumbia villera']",Pibes Chorros
0.28727736667127474,0.6241341135021308,1.542647056608652,0.517681034605749,-0.982155752037243,-0.6778349248345548,-0.04864846923857625,-0.33649021455183786,-0.3621541753567576,0.9077737620257587,0.3109076940473811,-1.2038056558942543,0.14677117993440292,0.8918680456181418,0.20924831247265618,-0.3746510336098628,1,"['classic soul', ' funk', ' indie r&b', ' motown', ' northern soul', ' quiet storm', ' soul']",Marvin Gaye
0.9114771972159817,1.0913142150622892,0.4539758804557572,0.670905288691773,-0.982155752037243,0.0740758876875733,-0.7556814966812136,-0.33690869465960527,3.478459615405841,1.4521687038611646,-0.6623717949528332,0.41681282377701145,0.351988154115615,0.9587046797322112,0.5002688724727498,-0.3746510336098628,1,"['dance pop', ' latin pop', ' mexican pop', ' puerto rican pop']",Ricky Martin
-0.2884409236369501,0.5963808401421219,-0.9068630897353613,0.44329169654851125,-0.982155752037243,0.2050266471717641,-0.17548512089571905,-0.3370097399703646,-0.8028491406908549,0.5435094994741269,1.2088761491457383,-0.2434391494223931,0.8445088921505242,0.22350170447744808,-0.24653053802137875,0.6745956998008817,1,"['chanson', ' french jazz', ' nouvelle chanson francaise']",Zaz
1.6387003007632133,-0.15295754057813166,1.2704792625704282,-0.11566564040746792,-0.982155752037243,-0.4666240224406986,-0.7465752755365983,-0.33411183671839884,-0.6020140700958344,1.211994464816133,0.7654315278941073,-0.1464115545615715,-0.3867929529367486,-0.17751810020696818,-0.36274586768479467,-1.2140484203384583,1,"['new romantic', ' new wave', ' new wave pop', ' synthpop']",Yazoo
0.7357316138587339,0.8970413015422233,-0.09035970762069023,0.19107923962935006,-0.982155752037243,-0.4497271502491901,-0.8652813726003346,-0.19306783502074876,0.6800941767832784,1.1399421931026232,-0.3418339526766887,-0.2515507356282949,-1.0434872703166274,-1.7815973189446332,-0.42813739861460015,0.8144952642556477,1,['italian disco'],Silver Pozzoli
0.06305024307754478,-0.6941463710983147,-0.36252750165891395,-0.35720871019491357,-0.982155752037243,4.334199788971654,1.7921090907086767,-0.3370097399703646,1.465349784560018,-0.6373471758306137,-0.9528128354130195,-0.3538586475132026,-0.2636627684280213,-1.7147606848305639,-0.42589663459090554,-1.4938475492479901,0,"['tango', ' tango cancion', ' vintage tango']",Tita Merello
0.4812035276172033,-0.3194771807381881,0.9983114685322046,-0.5400701507579244,-0.982155752037243,-0.7348618684808961,-0.022630694539675124,-0.33696784429670545,-0.7700111789111004,0.16323362098615965,-0.7678486600326109,-0.0427871025071195,0.8034654973142817,0.557684875047795,-0.3071883588142975,-0.5145505980646287,1,"['album rock', ' hard rock', ' rock', ' soft rock']",Survivor
0.22061524884611178,1.082063123942286,-0.09035970762069023,0.2945130204340352,-0.982155752037243,-0.5511083833982411,-0.9088611452209938,-0.33686961109600966,0.7229263008438278,0.04714940544772741,0.5740131071701381,1.0938683795704918,-0.34574955810050617,-0.24435473432103755,-0.41060649313458764,0.4647463531187328,1,"['disco', ' hi-nrg']",The Weather Girls
-0.10057495522058178,1.1375696706623049,-1.4511986778118087,1.4963009320758667,-0.982155752037243,3.172539825805444,0.8164425394998857,-0.3369960607231061,-0.0528110571416784,1.3681077201954033,-0.7301931430816825,-0.3244559170600473,-0.14053258391929405,-0.3780280025491763,-0.39969479405611574,0.9543948287104136,1,"['pop flamenco', ' rumba']",Los Chichos
0.6024073782084087,0.8137814814621951,-1.4511986778118087,0.3321522472598092,-0.982155752037243,-0.6905075789781862,-0.9685068937182246,-0.3370020185834104,-0.4858914226427892,0.47946303572878496,1.146128459121185,0.23882508666217198,0.47511833862434233,-0.7122111731195232,-0.41252653119427174,-1.1440986381110754,1,"['disco', ' funk', ' post-disco', ' quiet storm', ' urban contemporary']",Jermaine Jackson
0.37818025461467875,0.7120194791421606,-1.4511986778118087,-0.11062731870637973,1.0140957764937388,0.15011181254936168,0.9042525291086766,-0.33694253530613316,-0.07660668161976131,1.0919073452936168,1.0786177431211696,-1.4835350510576384,-0.3867929529367486,1.1592145820744193,0.19868162655782537,0.7445454820282646,1,"['classic rock', ' mellow gold', ' piano rock', ' rock', ' singer-songwriter', ' soft rock']",Billy Joel
0.7114908437404929,0.6195085679421297,-1.179030883773585,0.12143185140843,-0.982155752037243,-0.6355927443557836,-0.45517619890890587,-0.33681193900826495,-0.6120082323766292,-1.417913452726968,-0.6056641741000599,-0.0848880752407179,0.18781457477064534,-0.24435473432103755,-0.38340887741494406,0.11499744198181798,2,['new age'],ERA
0.6508889184448908,0.10607301078195565,-1.4511986778118087,-0.7700547178193456,1.0140957764937388,-0.7454224136005889,-0.8808920374196751,-0.31417921928464737,-0.500168797329639,0.8757505301530877,-0.5723575069528132,0.2896888375134897,0.5572051282968271,0.6245215091618643,-0.008371472803901154,0.2548970064365839,1,"['disco', ' new wave pop', ' soft rock']",Tina Turner
1.7114226111179365,-0.9161725579783899,-1.179030883773585,-0.3083073525078844,1.0140957764937388,-0.08433228910781887,-0.16572845538363112,-0.3369067881443079,-0.32408117619182475,0.7716750265669076,-0.7793075341185027,-0.04090430850121211,0.7213787076417968,0.6245215091618643,-0.008371472803901154,-1.1440986381110754,1,"['disco', ' new wave pop', ' soft rock']",Tina Turner
0.08729101319578586,-0.49062236645824614,-0.9068630897353613,-0.5317717385443684,1.0140957764937388,-0.45395136829706717,0.18876372488889634,0.07813396602670619,-0.6072491074810126,-0.5372745762285173,-0.1693295771306388,2.8488730509566365,0.4340749437880999,0.6245215091618643,-0.008371472803901154,-1.1440986381110754,2,"['disco', ' new wave pop', ' soft rock']",Tina Turner
-1.064145567420664,-0.8282871923383601,-0.9068630897353613,-0.9217971125815199,1.0140957764937388,0.12054228621422183,-0.742672609331763,-0.3370023522235874,-0.5144461720164888,-0.9535765905732393,1.749721200127453,1.3345262600248202,0.7624221024780392,0.6245215091618643,-0.008371472803901154,-0.5145505980646287,2,"['disco', ' new wave pop', ' soft rock']",Tina Turner
-0.8338582512973739,1.1699484895823158,0.9983114685322046,0.8318352112618136,-0.982155752037243,0.2050266471717641,-0.8558499292719829,-0.33561321751505874,-0.6400870692607672,-0.873518510891562,1.142538932299098,0.464378146031514,0.2699013644431302,1.2260512161884887,1.0995342045931702,-1.1440986381110754,2,"['glam metal', ' rock']",Bon Jovi
0.18425409366875015,1.1606973984623128,-0.36252750165891395,0.9817993748353687,-0.982155752037243,-0.4666240224406986,-0.9524409178416532,-0.32666689448226305,-0.4192636741041567,-0.27308291327898176,-0.6614398985663298,0.8371713592011778,0.926595681823009,0.9587046797322112,0.5358446275627353,-1.0041990736563096,2,"['argentine rock', ' latin alternative', ' latin rock', ' post-punk argentina', ' rock en espanol', ' ska argentino']",Soda Stereo
0.5660462230310471,1.3595958575423797,0.7261436744939809,1.6444868644608028,-0.982155752037243,-0.5067540938955313,-0.9649619719154994,-0.3361041452041253,0.6277438029314957,0.6355762911080559,0.5394639115075546,0.5432856181287156,-0.7972269012991728,0.2903383385915174,-0.2120583662968294,-0.09485190470033092,1,"['dance pop', ' disco', ' hi-nrg', ' new wave pop']",Donna Summer
-1.294432883543954,-0.36110709077820224,-1.179030883773585,0.580511869936962,1.0140957764937388,-0.6546017255712306,0.8684780888976875,-0.3370097399703646,-0.2622125525488088,-1.417913452726968,1.165974400685606,2.072170976309155,0.18781457477064534,-0.04384483197882943,-0.18848723426869182,1.0243446109377965,0,['argentine rock'],La Beriso
-0.5914505501149635,-1.6470087564586369,0.4539758804557572,-0.8373311311221062,1.0140957764937388,-0.7285255414090803,0.2017726122383469,-0.3343406185540803,-0.5192052969121054,-0.873518510891562,-0.9273755155295784,-0.3802743889795424,1.2138994456767058,0.42401160681965616,-0.2554447498591223,-1.6337471137027562,0,"['album rock', ' art rock', ' classic rock', ' hard rock', ' heartland rock', ' mellow gold', ' progressive rock', ' rock', ' soft rock', ' symphonic rock']",Kansas
1.123583935750591,-1.2399607471784995,-1.4511986778118087,-1.1671930166109743,1.0140957764937388,-0.47296034951251437,-0.9495139181880268,-0.33652834485778477,-0.626285607063479,-1.0656579021275876,-0.04055530238827885,0.30432649918347654,0.023640995425675656,0.022991802135239943,-0.3369171055221079,-1.0041990736563096,2,"['australian rock', ' rock']",Midnight Oil
0.8872364270977406,1.2532083096623436,-0.9068630897353613,0.4664087020005611,-0.982155752037243,-0.5975747819248894,-0.9787839147242906,3.747699284593237,-0.6662622561866585,1.023857977564191,0.33254839902284633,0.3058270718498388,-0.5099231374454758,-1.6479240507164943,-0.42552706436986026,0.2548970064365839,1,"['futurepop', ' neo-synthpop']",Marsheaux
-0.676293245528807,1.4243534953824015,0.7261436744939809,1.4316918655560347,1.0140957764937388,1.630700238330294,-0.9720518155209499,3.938350814327827,-0.44305929858223975,0.13921619708165645,0.4300868874768553,-1.0843260964216348,-0.5920099271179606,-2.0489438554009105,-0.4252385864098037,-1.983496024839671,1,['spanish invasion'],Los Pekenikes
0.43272198738072115,-0.786657282298346,0.9983114685322046,-1.7237793786487943,1.0140957764937388,-0.411709187818296,-0.643805065475939,-0.3366141380461653,-0.32884030108744133,1.1119218652140361,1.217021613857397,0.4764676654378668,0.5161617334605847,-0.3111913684351069,-0.4009925400897097,-1.0041990736563096,1,"['argentine rock', ' latin alternative', ' latin rock', ' post-punk argentina', ' rock en espanol', ' rock nacional']",GIT
-0.6702330529992467,1.156071852902311,0.9983114685322046,0.5250903312249959,1.0140957764937388,-0.36946700733952476,-0.1071884623111036,-0.3369919140523344,2.674167508046635,1.2880496405137263,1.3758926904157136,1.5734853789700591,0.5161617334605847,0.022991802135239943,-0.2401934679222133,0.7445454820282646,1,"['argentine rock', ' cuarteto', ' cumbia villera', ' rock en espanol']",Rodrigo
-0.009672067277178434,-0.49062236645824614,0.7261436744939809,0.4130617663419842,1.0140957764937388,3.003571103890359,1.762839094172413,-0.05103244536847886,2.28867839150169,-0.20103064156547212,-0.5515106396399252,0.6545261842822516,-1.9053985618777183,-3.5861864400245063,-0.42902037325005854,1.3041437398473283,0,['nuevo tango'],Noelia Moncada
0.8326946943316982,0.5593764756621094,0.1818080864175335,0.8786619658954533,1.0140957764937388,-0.633480635331845,-0.2763039978539608,-0.334140434447859,0.6182255531402625,0.47946303572878496,-5.522348957828333e-07,0.07272868011095814,1.2959862353491907,0.6913581432759337,-0.14308312413264512,-1.2140484203384583,1,"['disco', ' new wave pop', ' permanent wave', ' soft rock']",Cyndi Lauper
-1.3247338461917553,0.05056646406193683,-1.4511986778118087,0.8087182058097635,1.0140957764937388,-0.6377048533797223,-0.9446355854319828,-0.3370097399703646,-0.6396111567712055,-1.866238698944361,0.937659785992304,1.3769952977520545,-1.0845306651528697,-1.8484339530587026,-0.4280032793010846,0.6745956998008817,2,['broadway'],Hedwig And The Angry Inch - Original Broadway Cast
0.26909678908259393,0.7258961158221653,0.9983114685322046,0.6892803443075052,1.0140957764937388,-0.2342920298074567,-0.9306510315313236,-0.3369972999580494,2.5361528860737534,-0.5172600563080979,-0.5615198971245902,1.6185025589609277,-0.09948918908305161,-0.5117012707773151,-0.39242738928221227,1.3041437398473283,2,['cumbia pop'],Los Totora
1.1114635506914705,0.564002021222111,-0.09035970762069023,0.8013089091905166,1.0140957764937388,-0.6313685263079065,-0.3055739943902246,-0.3335589472821685,-0.8209338152941981,1.4481657998770807,-0.049977810296256246,-0.36328677388864866,0.926595681823009,-0.3111913684351069,-0.4227866586782099,-0.7943497269741605,1,"['europop', ' zouk']",Kaoma
0.7842131540952161,1.2717104919023499,0.4539758804557572,0.4489227619791386,-0.982155752037243,-0.3272248268607535,-0.9550426953115434,-0.3278108036606706,0.22321818680408467,-0.3931700328014979,0.4712974165688885,0.437013929389266,0.7213787076417968,-0.44486463666324566,-0.4173306742100871,-0.44460081583724576,2,"['bubblegum dance', ' eurodance', ' europop', ' happy hardcore', ' hip house']",2 Brothers On The 4th Floor
1.8265662691795816,0.675015114662148,-1.179030883773585,-0.09195589122587813,1.0140957764937388,-0.5849021277812582,-0.035639581889125686,-0.3370097399703646,0.13755393868298574,1.3641048162113194,0.020673741673084358,0.6704945424676918,-0.09948918908305161,0.557684875047795,-0.11998316377734079,0.3248467886639669,1,"['latin pop', ' mexican pop', ' ranchera', ' rock en espanol']",Emmanuel
-2.8458421711113813,-1.36022493173854,-1.4511986778118087,-2.5307999664171557,-0.982155752037243,-0.15191977787385288,0.7936769866383471,3.938350814327827,-0.5144461720164888,-2.1236254251209536,-1.4188990873885823,1.3256502311398282,0.5161617334605847,-0.17751810020696818,-0.4067859817038107,0.4647463531187328,0,"['epicore', ' scorecore', ' soundtrack', ' video game music']",Steve Jablonsky
-0.6520524754105659,0.04131537294193421,1.2704792625704282,-0.9194261376633611,1.0140957764937388,-0.2807584283341051,-0.9247970322240707,4.0908720381155,-0.4668549230603228,-1.9022648348011157,-1.7210751193825138,-2.0201454990871546,0.7213787076417968,0.15666507036337868,-0.4147859154043498,0.18494722420920093,2,"['german soundtrack', ' orchestral soundtrack', ' soundtrack']",Klaus Badelt
-2.1367996451528306,-0.2177151784181536,0.4539758804557572,1.3573025274987969,-0.982155752037243,-0.5849021277812582,1.9091890768537318,2.4131385764511033,-0.4668549230603228,-0.7294139674645428,-0.5436412923761199,-1.4223654803845116,-1.9464419567139606,-2.11578048951498,-0.4287542934852169,1.0942943931651794,0,"['classify', ' pop violin']",Cristina Kiseleff
-1.1489882628345076,-0.08819990273810971,-0.36252750165891395,0.682760163282568,1.0140957764937388,-0.667274379714862,-0.6112828471023125,-0.3370097399703646,-0.67244911855096,-1.1136927499365938,0.7048927774523756,1.6973109366367658,1.1728560508404635,1.2260512161884887,1.0995342045931702,-0.44460081583724576,2,"['glam metal', ' rock']",Bon Jovi
0.6508889184448908,0.6842662057821511,0.9983114685322046,0.8605832821444911,1.0140957764937388,0.09097275987908199,-0.769666050581873,1.77922224008359,-0.6329483819173423,1.4321541839407452,1.3095554735690733,0.26525498447442086,0.023640995425675656,0.8250314115040724,0.0844596013396458,-1.3539479847932243,1,"['mellow gold', ' soft rock']",Rod Stewart
-1.5974425100219671,1.146820761782308,1.542647056608652,1.0718964217254099,-0.982155752037243,0.5387398729540571,-0.9623601944456093,-0.33680192980295387,0.04237144077065374,0.5395065954900431,1.1354289080168882,0.306591514528929,-0.058445794246809187,-0.6453745390054538,-0.3698917015316584,-0.16480168692771388,1,"['argentine reggae', ' argentine rock', ' latin alternative', ' latin rock', ' rock en espanol', ' rock nacional', ' ska argentino']",Kapanga
-1.3126134611326348,1.3919746764623906,-0.36252750165891395,0.36890235849127323,1.0140957764937388,-0.05265065374874041,-0.9335780311849499,0.2301785609900421,3.50701436477954,0.4274252839356947,1.953806508771669,1.0325289327464562,0.1057277850981605,1.0255413138462806,0.39517195294243934,-0.5145505980646287,1,"['album rock', ' classic rock', ' mellow gold', ' rock', ' soft rock']",Dire Straits
-0.7853767110608918,-0.2685961795781709,0.9983114685322046,-0.9612145705959131,-0.982155752037243,-0.4138212968422345,0.845712536036149,-0.336999778427936,-0.6895819681751797,-0.7974633351939684,0.42767085980814334,-0.03052770694985783,-0.9203570858079001,0.557684875047795,-0.3071883588142975,-1.1440986381110754,0,"['album rock', ' hard rock', ' rock', ' soft rock']",Survivor
-0.3914641966394747,-0.46286909309823676,0.9983114685322046,-1.168971247799593,-0.982155752037243,-0.47718456756039146,-0.947237362901873,-0.33692156363786235,-0.34311767577429114,0.8797534341371716,-0.07631251188521929,0.050078526656433114,-0.46887974260923343,0.8918680456181418,0.36042304207098824,-0.23475146915509684,1,"['album rock', ' german hard rock', ' german metal', ' german rock', ' hard rock', ' metal', ' rock']",Scorpions
-2.542832544633368,-1.2075819282584885,-1.179030883773585,-1.1040658094149913,1.0140957764937388,-0.6546017255712306,0.4196714753416436,-0.33404510868299175,-0.03853368245482858,-1.7581602913740964,-1.363399480370165,0.5691351057586923,0.8855522869867666,0.8918680456181418,0.36042304207098824,-0.7243999447467776,0,"['album rock', ' german hard rock', ' german metal', ' german rock', ' hard rock', ' metal', ' rock']",Scorpions
0.19031428619831042,0.1430773752619682,0.7261436744939809,0.44003160603604263,1.0140957764937388,2.0108798626392352,-0.6707985067260488,-0.3370097399703646,-0.7804812536814568,1.207991560832049,1.6380662071519676,-1.35574571653639,0.8445088921505242,-0.24435473432103755,-0.3910918631603041,-2.7529436293408835,1,"['adult standards', ' brill building pop', ' bubblegum pop', ' rock-and-roll', ' rockabilly']",Chubby Checker
-0.8702194064747355,-1.943043672298737,0.4539758804557572,-2.698546441876903,-0.982155752037243,-0.16670454104142282,2.120583496282303,3.9192856613543685,-0.4954096724340224,-2.033560085479067,-1.4345342378732484,-1.709753458684707,0.7213787076417968,0.6913581432759337,-0.1526865527243498,1.2341939576199454,0,"['baroque', ' classical', ' early music', ' italian baroque']",Antonio Vivaldi
1.09934316563235,-1.4434847518185683,0.7261436744939809,-0.6544696905590953,1.0140957764937388,-0.667274379714862,-0.10393624047374096,-0.3365788675131644,-0.5382417964945718,-0.545280384196685,-1.0086921039222343,0.7688386774980577,0.9676390766592514,-0.3111913684351069,-0.41743456945295127,-0.7943497269741605,0,"['classic canadian rock', ' new wave pop']",Alannah Myles
-0.8641592139451753,-1.7718984865786793,-0.9068630897353613,-1.8947859446210105,1.0140957764937388,-0.7285255414090803,1.2782580404053798,2.375008270504185,0.03285319097942052,-1.7861806192626835,-1.6000321331800336,0.6380340412981756,0.5982485231330695,-0.04384483197882943,-0.35839683980427894,-0.5845003802920117,0,"['cyberpunk', ' synthesizer']",Vangelis
-0.8883999840634164,0.04131537294193421,1.542647056608652,0.2773234522773827,-0.982155752037243,-0.6313685263079065,0.33836592940757765,-0.3370097399703646,-0.5096870471208722,-1.6660934997401675,-1.2505019588793427,0.6327537242740895,0.8445088921505242,1.6939076549869743,5.407148901587681,-0.6544501625193946,2,"['classic rock', ' glam rock', ' rock']",Queen
-0.08239437763190098,0.8785391193022171,-0.09035970762069023,0.7663370291476719,1.0140957764937388,2.2643329455118626,-0.8373122647990159,-0.33617087323953243,2.6503718835685524,0.015126173575056445,1.2398703326672174,-0.3357385247495826,1.419116419857918,1.6939076549869743,5.407148901587681,-1.5637973314753733,2,"['classic rock', ' glam rock', ' rock']",Queen
-2.2519433032144756,0.5732531123421141,1.542647056608652,0.3454889811744534,-0.982155752037243,-0.3821396614831562,-0.6968162814249499,-0.3370097399703646,2.6360945088817025,-1.2257740614909423,1.5531600919372257,0.34907470860207257,-1.9464419567139606,1.6939076549869743,5.407148901587681,1.3740935220747112,2,"['classic rock', ' glam rock', ' rock']",Queen
0.8811762345681804,0.466865564462078,-0.9068630897353613,1.8389068077498392,-0.982155752037243,-0.6208079811882137,1.671776882726259,-0.337004068087355,-0.7109980302054545,1.0678899213891135,-1.1176204371001726,-0.5134572912921496,-1.9053985618777183,-0.9795577095758007,-0.4112287851606778,1.1642441753925625,1,['cumbia pop'],Rocío Quiroz
-0.05815360751366058,0.10144746522195408,-0.9068630897353613,1.4743694140828962,1.0140957764937388,0.82809880923364,1.0603591773020833,-0.3370097399703646,0.4040649328375155,1.207991560832049,2.0574540957594225,-0.7332345615305877,-0.5099231374454758,-0.9795577095758007,-0.4112287851606778,1.2341939576199454,1,['cumbia pop'],Rocío Quiroz
0.4630229500285225,0.5547509301021077,-0.9068630897353613,1.0419628633836528,1.0140957764937388,2.433301667426947,-0.25679066682978496,-0.3370097399703646,-0.7043352553515912,1.0078463616278555,1.9855255005937622,-0.038455260658941594,0.926595681823009,1.0255413138462806,1.0078162937660247,1.3041437398473283,1,"['latin pop', ' puerto rican pop']",Luis Fonsi
-1.8034890560270158,-2.410223773858895,0.4539758804557572,-3.227570220491125,1.0140957764937388,0.017048944041232243,1.9026846331790064,3.676204960942765,-0.15751180484524363,-1.205759541570523,-1.6250552768916953,-1.1445330355729442,0.8855522869867666,1.1592145820744193,0.07489233368961334,-1.2140484203384583,0,"['baroque', ' classical', ' early music', ' german baroque']",Johann Sebastian Bach
-2.494351004396886,-1.9291670356187323,-0.9068630897353613,-1.7916485356810947,1.0140957764937388,-0.5320994021827941,2.1888801548669186,3.962182255544651,-0.4049862994173069,-2.231703832691218,-1.7288409226033747,-0.581294500888452,0.2699013644431302,0.3571749727055868,-0.3012759099220067,0.2548970064365839,0,"['classic soundtrack', ' italian soundtrack', ' orchestral soundtrack', ' vintage italian soundtrack']",Ennio Morricone
-2.5488927371629284,-2.363968318258879,-1.4511986778118087,-1.681694573851472,1.0140957764937388,-0.5320994021827941,2.2051412640537316,3.8573239141906264,-0.4716140479559394,-2.1664564977506506,-1.3253297872474576,0.6181585316418299,-0.3867929529367486,-0.44486463666324566,-0.40824969026821356,1.0942943931651794,0,['classify'],Brooklyn Duo
-0.8277980587678136,-0.6247631876982911,1.542647056608652,-1.6268657788690462,-0.982155752037243,0.7055964858452034,1.135160279561424,-0.3369651751752891,-0.596779032710656,0.23128298871558545,0.9633041939616357,5.504985764839241,0.5982485231330695,0.557684875047795,-0.0988676025607416,-2.473144500431352,0,"['jazz blues', ' soul', ' soul jazz', ' torch song', ' vocal jazz']",Nina Simone
-1.045964989831983,-1.901413762258723,1.2704792625704282,-1.371096859572646,1.0140957764937388,-0.6440411804515378,1.4278602449240614,-0.30202518426406727,-0.5525191711814217,-2.0735891253199057,0.8430895601027134,-0.11508356106478157,0.8034654973142817,0.15666507036337868,-0.216836737895259,-1.983496024839671,0,"['art rock', ' classic rock', ' glam rock', ' permanent wave', ' psychedelic rock', ' rock', ' singer-songwriter']",Lou Reed
1.396292599580803,-0.8791681934983774,-1.4511986778118087,0.4050597259931976,1.0140957764937388,-0.12868657861052862,-0.9633358609968181,-0.32905003860394544,-0.696244743029043,1.1039160572458684,0.2640712719553463,0.9952128049301262,-0.9614004806441425,0.15666507036337868,-0.3757065968387664,0.8144952642556477,1,"['dance pop', ' eurodance', ' hands up', ' italo dance', ' pop dance']",ItaloBrothers
-0.04603322245454004,0.9803011216222516,-1.4511986778118087,0.705580796869848,1.0140957764937388,-0.7243013233612032,-0.9743283708071038,-0.3366946883174782,-0.029015432663595367,0.5555182114263785,-0.017603039535513332,-0.712099137088334,0.1057277850981605,-0.17751810020696818,-0.3807331026600884,0.18494722420920093,1,"['acoustic pop', ' neo mellow', ' pop rock']",Matt Nathanson
-0.2884409236369501,-2.137316585818803,0.1818080864175335,-1.6861401518230204,1.0140957764937388,-0.6905075789781862,1.7303168757987866,-0.3370097399703646,-0.5334826715989552,-1.10968984595251,-0.4697798750754901,-0.675490826567458,1.0497258663317361,0.7581947773900031,0.15034200355976265,-2.5430942826587346,0,"['classic rock', ' folk', ' folk rock', ' melancholia', ' mellow gold', ' rock']",Simon & Garfunkel
-0.22783899834134744,-2.0956866757787886,0.1818080864175335,-1.7792009173607601,1.0140957764937388,-0.6905075789781862,1.834387974594391,-0.3370022568978225,-0.5725074957430114,-1.0696608061116712,-0.4482772288239515,-0.684352699106541,0.5572051282968271,0.7581947773900031,0.15034200355976265,0.8144952642556477,0,"['classic rock', ' folk', ' folk rock', ' melancholia', ' mellow gold', ' rock']",Simon & Garfunkel
-0.8338582512973739,0.5362487478621015,-0.09035970762069023,0.20678694846215326,1.0140957764937388,-0.2448525749271495,0.39690592248010514,-0.3370097399703646,1.7128242791320811,0.9798260337392684,-1.3293680049223051,-0.896513855245895,-1.9053985618777183,-0.8458844413476619,-0.40446641921020354,1.4440433043020944,1,['chanson'],Gilbert Bécaud
0.5175646827945649,-0.06507217493810187,-1.4511986778118087,0.6362297805136979,-0.982155752037243,-0.715852887265449,0.9920625187174679,-0.3370097399703646,-0.5872607829194229,-0.6133297519261106,-0.15031198790977565,-0.38443635467681136,-0.6740967167904456,-1.5142507824883555,-0.4267425037824839,1.3740935220747112,0,['french pop'],Mickael Miro
1.075102395514109,0.29572037874201995,-0.09035970762069023,-0.6882560831428605,-0.982155752037243,-0.7559829587202818,-0.3836273184869279,-0.3370097399703646,-0.7038593428620296,0.19125394887474675,-0.8456102362841617,0.1202940023654607,0.2699013644431302,-0.8458844413476619,-0.4033057609256355,-0.8642995092015435,1,"['cancion melodica', ' cantautor', ' pop romantico', ' spanish pop']",Duo Dinamico
1.1720654759870732,0.6472618413021386,-1.4511986778118087,0.31703728215654564,-0.982155752037243,0.34020162470383214,-0.45517619890890587,-0.3370097399703646,-0.2907673019225085,0.3353584923017656,-0.3580903674190237,-0.38910794882680716,0.023640995425675656,-0.44486463666324566,-0.3650916063824481,1.3740935220747112,1,"['chanson', ' chanson virale', ' french pop', ' french reggae', ' french rock']",Tryo
-0.5005476621715595,0.6565129324221418,-1.4511986778118087,-0.43871097300662854,-0.982155752037243,-0.24062835687927242,-0.98057263673484,2.637154123889247,-0.42402279899977335,-1.4339250686633034,-0.4266710385294681,0.5704658022741457,-0.09948918908305161,-1.7147606848305639,-0.4247343571596955,-0.16480168692771388,2,"['celtic', ' gaita', ' musica folk asturiana']",Hevia
2.0871545479506732,1.396600222022392,1.542647056608652,1.11872317635905,-0.982155752037243,-0.5194267480391628,-0.9764423150013894,-0.26932844691458496,-0.4335410487910066,1.3400873923068162,0.22934950288785397,-0.38330384700408515,0.5572051282968271,0.557684875047795,-0.3090225821019536,0.5346961353461157,1,"['electronica argentina', ' latin alternative', ' latin pop', ' pop electronico', ' rock en espanol']",Miranda!
1.4690149099355256,0.7860282081021857,-0.36252750165891395,0.9358617357960387,-0.982155752037243,1.1026729823456534,-0.9169916998144004,-0.3362376012749395,-0.9165922256960918,0.31534397238134676,-0.49494107751107846,-1.4074588481422523,1.1728560508404635,1.0255413138462806,-0.2774996859858776,1.4440433043020944,1,"['canadian hip hop', ' dark trap', ' vapor trap']",bbno$
1.1478247058688322,0.4067334721820576,0.4539758804557572,1.157844262508673,1.0140957764937388,-0.6017989999727666,-0.966555560615807,-0.3366770530509778,-0.4335410487910066,-0.6533587917669492,0.3323413109369567,0.7643086468071526,1.0907692611679787,1.6939076549869743,1.4822095287013697,1.4440433043020944,2,"['latin hip hop', ' reggaeton', ' trap latino']",Farruko
0.05092985801842425,1.3780980397823859,0.9983114685322046,1.5555753050298415,1.0140957764937388,1.123794072585039,-0.5397339666803345,-0.3370097399703646,3.411831866867209,0.5555182114263785,0.1280143995258687,-1.0875254305970865,-0.715140111626688,-0.7790478072335926,-0.21275244049071662,0.8144952642556477,1,"['sertanejo', ' sertanejo pop', ' sertanejo universitario']",Munhoz & Mariano
0.6266481483266497,0.8230325725821982,-1.179030883773585,0.9640170629491766,-0.982155752037243,1.5039736968939803,0.00013485832186336147,-0.3370097399703646,-0.5882126078985461,-0.601321039973859,0.4650847739922008,-0.5682281936143729,-1.9464419567139606,-0.3780280025491763,-0.37938057549843884,1.2341939576199454,1,"['francoton', ' french pop']",Trois Cafés Gourmands
1.1296441282801513,-0.6016354598982833,0.9983114685322046,0.5372415776805605,-0.982155752037243,-0.7137407782415105,-0.8643057060491257,-0.3370097399703646,-0.648653494072877,0.5755327313467978,-0.11752304097725298,-0.599230591155254,1.3370296301854332,1.6939076549869743,4.911284028103375,1.3041437398473283,2,"['canadian pop', ' dance pop', ' pop', ' viral pop']",Shawn Mendes
-1.2459513433074718,-1.0780666525784446,0.9983114685322046,-1.705107951168292,-0.982155752037243,-0.7221892143372647,-0.836336598247807,-0.32347348135920867,-0.09564318120222773,-1.8262096591035222,-1.8353187134316187,0.7573295682739771,-1.9053985618777183,-0.04384483197882943,-0.23330993583135984,-1.0041990736563096,0,"['album rock', ' glam metal', ' hard rock', ' metal', ' rock']",Cinderella
-0.579330165055843,0.5223721111820968,1.542647056608652,0.03607675435470675,-0.982155752037243,-0.363130680267709,-0.9641489164561586,-0.3370097399703646,-0.25745342765319223,-1.0216259583026652,1.0934590559432589,0.10800629411638087,0.6803353128055544,0.08982843624930932,-0.4007928453371916,1.4440433043020944,2,['irish metal'],Miracle Of Sound
0.7417918063882942,-0.6571420066183021,-1.4511986778118087,-0.43722911368277895,-0.982155752037243,-0.2807584283341051,-0.8360113760640707,-0.33673996805579015,-0.33835855087867456,-0.6373471758306137,-0.012701954836125401,-1.4144945520590642,0.7624221024780392,-0.3111913684351069,-0.4285290971730867,1.5139930865294773,2,['slap house'],Kilian K
-0.51266804723068,0.1847072853019823,1.2704792625704282,-0.37528739394587574,-0.982155752037243,1.0393097116274963,1.5254269000449405,-0.3370097399703646,2.2268097678586747,0.8317185863281652,1.738434899446469,0.20070204712902454,0.06468439026191808,-0.44486463666324566,-0.4143805890282928,-0.5145505980646287,1,"['chicha', ' cumbia', ' folclor afrocolombiano', ' latin alternative', ' porro']",Totó La Momposina
0.1175919758435872,0.4113590177420592,0.9983114685322046,1.5037102286951136,-0.982155752037243,-0.7559829587202818,-0.9849631362152796,-0.32914536436881275,-0.43830017368662316,-1.10968984595251,-0.8245217662044023,1.3675530150306996,1.419116419857918,1.5602343867588355,2.072534607708887,-0.09485190470033092,2,"['alternative rock', ' funk metal', ' funk rock', ' permanent wave']",Red Hot Chili Peppers
-0.9429417168294588,0.018187645141926365,-1.179030883773585,0.8270932614254957,1.0140957764937388,-0.7031802331218177,-0.9049584790161587,-0.3338210931355536,-0.5239644218077221,-1.0176230543185814,-0.5118532711920636,-0.010156725186694384,0.7624221024780392,1.5602343867588355,2.072534607708887,1.5139930865294773,2,"['alternative rock', ' funk metal', ' funk rock', ' permanent wave']",Red Hot Chili Peppers
-0.8823397915338561,1.0265565772222671,1.542647056608652,1.241124756509007,1.0140957764937388,-0.2723099922383509,-0.6145350689396751,-0.3369263299261057,-0.476373172851556,-0.02490286626578226,-0.5424677932227452,1.437400425746091,1.3370296301854332,1.5602343867588355,2.072534607708887,0.39479657089134984,2,"['alternative rock', ' funk metal', ' funk rock', ' permanent wave']",Red Hot Chili Peppers
-0.08239437763190098,-1.540621208578601,-0.36252750165891395,-1.6698396992606774,1.0140957764937388,-0.3567943531958933,-0.8044648242416532,-0.3365092797048113,-0.3716724251479908,-0.5893123280216074,-1.2353154992474376,0.44135992758335296,1.419116419857918,1.5602343867588355,2.072534607708887,-0.6544501625193946,2,"['alternative rock', ' funk metal', ' funk rock', ' permanent wave']",Red Hot Chili Peppers
-0.07027399257278044,0.06444310074194154,-0.36252750165891395,0.6377116398375473,1.0140957764937388,-0.16248032299354556,-0.16898067722099377,-0.3370097399703646,-0.4478184234778564,1.1719654249752942,0.6965747393358098,0.017448149336007992,0.8445088921505242,-0.1106814660928988,-0.3861085345827698,1.4440433043020944,1,['a cappella'],Home Free
-0.22783899834134744,1.2624594007823466,0.4539758804557572,0.5935522319868364,1.0140957764937388,-0.5384357292546097,-0.9352041421036313,-0.3369639359403459,0.5991890535577961,-0.6453529837987815,0.012010556746701918,1.0044002734251178,0.6803353128055544,0.49084824093372553,-0.23247931360399401,0.18494722420920093,2,"['art pop', ' dance rock', ' europop', ' new romantic', ' new wave', ' new wave pop', ' permanent wave', ' synthpop']",Pet Shop Boys
-0.8156776737086932,0.5362487478621015,0.9983114685322046,-0.32194045828729884,-0.982155752037243,-0.276534210286228,-0.9748487263010818,-0.3369932009501601,-0.7300345297879208,-0.3371293770243237,0.6945383731578954,1.0512153093464394,0.3109447592793726,0.15666507036337868,-0.24903643730770716,-0.44460081583724576,2,"['argentine rock', ' latin alternative', ' latin rock', ' rock en espanol', ' rock nacional']",La Renga
0.4084812172624801,0.16157955750197447,1.542647056608652,0.8768837347068342,-0.982155752037243,1.1026729823456534,0.36763592594384137,-0.3370097399703646,-0.624857869594794,0.8237127783599979,-1.1709456192167487,-0.4399292306403977,-0.46887974260923343,-0.24435473432103755,-0.3597509861125706,0.7445454820282646,1,"['argentine rock', ' folclore salteno', ' folklore argentino']",Los Nocheros
1.275088748989598,0.3604780165820419,-1.4511986778118087,1.0221059484440713,1.0140957764937388,-0.4750724585364528,-0.9563435840464883,-0.3370097399703646,-0.7728666538484703,1.4641774158134162,0.3329280605136438,-0.7737783362141876,-0.5099231374454758,-2.784146830655674,-0.4291003860799526,1.3041437398473283,1,['variete francaise'],Mikael Vigneau
0.9720791225115843,1.008054394982261,0.9983114685322046,1.3667864271714327,1.0140957764937388,1.9897587723998493,-0.3836273184869279,-0.3370097399703646,-0.7233717549340576,1.3440902962909,-1.1152734387934236,-0.7811396360869082,0.5161617334605847,1.7607442891010436,0.5759819235300041,1.5139930865294773,1,"['argentine hip hop', ' pop venezolano', ' trap argentino']",Bizarrap
1.2447877863417964,0.5177465656220952,0.9983114685322046,0.8410227390696796,-0.982155752037243,-0.05687487179661751,0.16274595018999521,-0.3370097399703646,-0.476373172851556,1.0638870174050297,-0.942872607290318,-0.904299845495888,0.47511833862434233,0.3571749727055868,-0.2187898335322181,1.0942943931651794,1,"['cumbia santafesina', ' cumbia villera']",Los Palmeras
0.7902733466247763,0.8924157559822218,0.9983114685322046,1.250312284316873,1.0140957764937388,2.4755438479057186,0.8294514268493361,-0.3370097399703646,-0.6833951058108783,1.2039886568479652,0.41068963676519415,-0.9393792706585836,-0.5920099271179606,0.3571749727055868,-0.2187898335322181,1.3041437398473283,1,"['cumbia santafesina', ' cumbia villera']",Los Palmeras
1.6205197231745325,-0.12982981277812383,-0.9068630897353613,0.09060917747236327,1.0140957764937388,0.10575752304665176,-0.6275439562891257,-0.33666704384566665,-0.4858914226427892,0.5675269233786301,-0.9551598337197689,-0.5463849518766654,-1.9464419567139606,-0.7122111731195232,-0.41436277841523034,0.8844450464830306,1,['cumbia villera'],Tambó Tambó
1.499315872583327,0.34197583434203566,-1.179030883773585,0.06719580015554345,-0.982155752037243,0.042394252328494836,-0.801863046771763,-0.3171343179955335,1.946021399017295,-0.7294139674645428,0.2632429196117878,-0.645946532655212,1.5422466043666454,1.7607442891010436,0.5759819235300041,1.5139930865294773,2,"['argentine hip hop', ' pop venezolano', ' trap argentino']",Bizarrap
-1.0096038346546214,-0.14370644945812852,-0.09035970762069023,-1.168971247799593,1.0140957764937388,-0.20472250347231685,0.6375703384449404,1.1119418860125232,0.4088240577331321,-1.3938960288224647,-0.21947940859690712,2.7964096330175927,-0.715140111626688,-0.04384483197882943,-0.34869491312518364,-0.3746510336098628,0,"['album rock', ' art rock', ' blues', ' blues rock', ' british blues', ' classic rock', ' country rock', ' electric blues', ' folk rock', ' hard rock', ' mellow gold', ' psychedelic rock', ' rock', ' roots rock', ' singer-songwriter', ' soft rock', ' symphonic rock']",Derek & The Dominos
-1.0399047973024227,0.943296757142239,0.9983114685322046,0.37868263002867913,-0.982155752037243,1.2082784335425814,-0.3771228748122026,3.2758367485001254,-0.5796461830864362,-0.012894154313530649,-0.5654200560755113,-1.7811863801419154,-0.427836347772991,-1.4474141483742862,-0.427047038280074,1.4440433043020944,1,['ye ye'],Chantal Goya
-1.0277844122433022,-1.7904006688186855,-1.4511986778118087,-0.11299829362453898,-0.982155752037243,-0.5912384548530738,1.4538780196229624,-0.3370097399703646,-0.28600817702689185,0.2553004126200887,-1.4087862858609725,-0.6771895880765474,-0.5099231374454758,0.15666507036337868,-0.28467749797892156,1.4440433043020944,0,['chanson'],Charles Aznavour
-1.9307530991477815,-1.4804891162985807,0.9983114685322046,-0.33172072982470446,1.0140957764937388,-0.6123595450924595,1.258744709381204,0.4398952436980917,-0.5287235467033387,-0.9735911104936587,0.7020280589309026,-0.5558130782521113,-0.715140111626688,-1.3137408801461474,-0.4267890542484425,1.4440433043020944,0,"['classic soundtrack', ' french soundtrack', ' soundtrack']",Georges Delerue
0.9538985449229036,-0.9439258313383994,0.4539758804557572,-0.4965034866367537,1.0140957764937388,-0.5849021277812582,1.1839436071218636,-0.3368739007554287,-0.571555670763888,0.07917263732039838,0.12159466886329036,-0.7664595053791942,-0.3867929529367486,-0.5785379048913845,-0.37344545855315947,1.3740935220747112,0,"['francoton', ' french pop']",Fréro Delavega
0.026689087900183178,-0.8560404656983696,-0.36252750165891395,-0.3293497549065458,1.0140957764937388,-0.14558345080203716,0.3481225949196655,-0.3370097399703646,-0.3907089247304571,-0.545280384196685,0.5402232344891496,0.8854869677888615,-1.2487042444978393,-1.915270587172772,-0.42883322688401626,0.8144952642556477,0,"['broadway', ' show tunes']",Michael Cerveris
0.6933102661518127,-0.49062236645824614,-0.09035970762069023,-0.3169021365862107,1.0140957764937388,-0.09489283422751169,-0.27955621969132344,-0.33283447146917705,-0.4716140479559394,-0.10496094594745967,-0.8401569166890684,0.3781235304075009,-0.22261937359177889,-0.44486463666324566,-0.3584080389018864,1.3740935220747112,1,"['chanson', ' francoton', ' french pop']",Christophe Maé
0.7478519989178545,-1.9060393078187245,0.4539758804557572,-2.2000489653339788,1.0140957764937388,0.3613227149432178,0.7871725429636218,1.57903813386227,-0.019497182872362153,-0.3971729367855818,-1.1891348560940533,-0.25796356032510726,-0.5099231374454758,-1.1800676119180087,-0.42012963903862455,0.9543948287104136,0,"['folklore boliviano', ' musica andina']",Savia Andina
1.190246053575754,0.8091559359021935,-1.179030883773585,0.4456626714666702,-0.982155752037243,0.18179344790844013,-0.8330843764104444,-0.3370097399703646,-0.6795878058943849,1.0118492656119393,-0.77278425941298,-1.103762759354799,-1.0434872703166274,-2.1826171236290492,-0.4286827811751935,1.0942943931651794,1,"['folclore jujeno', ' folklore nuevo argentino']",La Cantada
-0.9732426794772601,-1.073441107018443,1.542647056608652,-0.4953179991776738,1.0140957764937388,-0.3525701351480162,0.6896058878427426,-0.3370097399703646,-0.6672140811657817,-1.2097624455546068,-1.7412316930757699,-0.32837722487686194,-1.9464419567139606,-0.44486463666324566,-0.39134822804529357,1.3041437398473283,0,"['chanson', ' french pop']",Garou
-0.8762795990042959,-1.859783852218709,-0.36252750165891395,-1.146150614212313,1.0140957764937388,-0.667274379714862,1.3888335828757097,-0.33698433565402747,-0.4858914226427892,-2.2697314205400145,-0.7309179513822962,0.6635154639345162,1.0907692611679787,0.9587046797322112,0.46916155732813036,-0.23475146915509684,0,['canadian pop'],Céline Dion
-0.07027399257278044,1.3272170386223687,0.4539758804557572,1.2414211283737768,-0.982155752037243,-0.6017989999727666,-0.9793367924366422,-0.336976042312484,0.7229263008438278,-1.205759541570523,0.2646580215320334,-0.8195316461923281,2.0758107372377967,2.0280908255573213,2.9270092938318855,1.5139930865294773,2,"['big room', ' dance pop', ' edm', ' pop', ' pop dance']",David Guetta
0.43878217991028146,1.0959397606222907,0.7261436744939809,0.9219322581518545,1.0140957764937388,-0.15825610494566847,-0.9329275868174773,-0.3369922953553939,0.28508681044710055,-1.0456433822071685,-0.660818634308661,-1.0918714287911735,0.5982485231330695,0.49084824093372553,-0.41800140570655164,1.5139930865294773,2,"['eurodance', ' italo dance']",Prezioso
-0.1187555328092626,0.5316232023020999,0.1818080864175335,0.3197046289394744,1.0140957764937388,0.3613227149432178,-0.9808978589185762,-0.33674711748815517,-0.09564318120222773,-1.866238698944361,0.7886253935137443,-1.1025594699525274,0.39303154895185743,0.42401160681965616,-0.41504902673368105,1.5139930865294773,2,"['edm', ' german dance', ' pop dance', ' pop house']",Klaas
1.123583935750591,1.0866886695022877,0.1818080864175335,1.4628109113568712,-0.982155752037243,1.060430801866882,-0.9799547145857412,-0.33667991282392373,-0.12419793057592737,0.21126846879516611,0.2646580215320334,-0.6642082188779227,1.2959862353491907,0.3571749727055868,-0.4228734179524458,1.4440433043020944,1,"['house', ' pop dance', ' tropical house', ' uk dance']",Majestic
1.4023527921103633,-0.5461289131782645,-1.179030883773585,0.28147265838416097,-0.982155752037243,-0.48774511268008425,0.3611314822691161,-0.3370097399703646,-0.7533542417764423,0.6515879070443914,0.4593898516302356,0.30564303935302084,1.131812656004221,1.2260512161884887,0.4490373186431193,0.11499744198181798,1,"['bachata', ' bachata dominicana', ' latin hip hop', ' latin pop', ' trap latino', ' tropical']",Aventura
1.5962789530562913,0.3789801988220482,1.2704792625704282,0.5793263824778825,1.0140957764937388,-0.3821396614831562,-0.03889180372648832,-0.3369945831737507,-0.6101045824183825,0.6435820990762237,-0.973728732087871,-0.9078389319731576,0.14677117993440292,-1.4474141483742862,-0.42662646493980444,-0.16480168692771388,1,['cumbia villera'],Mr. Gato
-0.40358458169859524,0.39748238106205447,-1.4511986778118087,-1.2973002652449481,1.0140957764937388,-0.3546822441719548,-0.5234728574935213,-0.3358181679095234,0.13279481378736913,1.051878305452778,1.2412854345874638,-0.8344099657427693,0.8034654973142817,-0.1106814660928988,-0.41145775948163943,-0.9342492914289265,1,['roots rock'],Los Lobos
